name	label	value
recruits_unfished		20	
recruits_steepness		0.85	
recruits_sd		0.6	
spawning_0		0.85	
spawning_1		0.5	
spawning_2		0.85	
spawning_3		0.5	
recruits_regions	0	0.6	
recruits_regions	1	0.1	
recruits_regions	2	0.3	
recruits_lengths_mean		5	
recruits_lengths_cv		0.1	
weight_a		5.32001e-06	
weight_b		3.35001	
maturity_inflection		42.5	
maturity_steepness		5	
mortality		0.7	
mortality_weight_exponent		-0.29	
mortality_max		4.60517	
growth_rate		0.3	
growth_assymptote		75	
growth_sd		1	
growth_cv		0.2	
movement_stay	0-0	0.8	
movement_w_m	0-1	0.2	
movement_w_e	0-2	0.1	
movement_w_m	1-0	0.2	
movement_stay	1-1	0.8	
movement_m_e	1-2	0.2	
movement_w_e	2-0	0.1	
movement_m_e	2-1	0.2	
movement_stay	2-2	0.8	
selectivity	0-0	0.0	
selectivity	0-1	0.05	
selectivity	0-2	0.5	
selectivity	0-3	1.0	
selectivity	0-4	1.0	
selectivity	1-0	0.0	
selectivity	1-1	0.05	
selectivity	1-2	0.4	
selectivity	1-3	0.8	
selectivity	1-4	1.0	
selectivity	2-0	0.0	
selectivity	2-1	0.05	
selectivity	2-2	0.5	
selectivity	2-3	1.0	
selectivity	2-4	1.0	
selectivity	3-0	0.0	
selectivity	3-1	0.05	
selectivity	3-2	0.5
selectivity	3-3	0.8	
selectivity	3-4	1.0	
selectivity	4-0	0.0	
selectivity	4-1	0.05	
selectivity	4-2	0.2
selectivity	4-3	1.0	
selectivity	4-4	1.0	
catches	1950-0-0-0	0	
catches	1950-0-0-1	57	
catches	1950-0-0-2	129	
catches	1950-0-0-3	59	
catches	1950-0-0-4	0	
catches	1950-0-1-0	0	
catches	1950-0-1-1	2000	
catches	1950-0-1-2	0	
catches	1950-0-1-3	0	
catches	1950-0-1-4	0	
catches	1950-0-2-0	0	
catches	1950-0-2-1	193	
catches	1950-0-2-2	120	
catches	1950-0-2-3	124	
catches	1950-0-2-4	26	
catches	1950-1-0-0	0	
catches	1950-1-0-1	57	
catches	1950-1-0-2	129	
catches	1950-1-0-3	59	
catches	1950-1-0-4	0	
catches	1950-1-1-0	0	
catches	1950-1-1-1	2000	
catches	1950-1-1-2	0	
catches	1950-1-1-3	0	
catches	1950-1-1-4	0	
catches	1950-1-2-0	0	
catches	1950-1-2-1	193	
catches	1950-1-2-2	120	
catches	1950-1-2-3	124	
catches	1950-1-2-4	26	
catches	1950-2-0-0	0	
catches	1950-2-0-1	57	
catches	1950-2-0-2	129	
catches	1950-2-0-3	59	
catches	1950-2-0-4	0	
catches	1950-2-1-0	0	
catches	1950-2-1-1	2000	
catches	1950-2-1-2	0	
catches	1950-2-1-3	0	
catches	1950-2-1-4	0	
catches	1950-2-2-0	0	
catches	1950-2-2-1	193	
catches	1950-2-2-2	120	
catches	1950-2-2-3	124	
catches	1950-2-2-4	26	
catches	1950-3-0-0	0	
catches	1950-3-0-1	57	
catches	1950-3-0-2	129	
catches	1950-3-0-3	59	
catches	1950-3-0-4	0	
catches	1950-3-1-0	0	
catches	1950-3-1-1	2000	
catches	1950-3-1-2	0	
catches	1950-3-1-3	0	
catches	1950-3-1-4	0	
catches	1950-3-2-0	0	
catches	1950-3-2-1	193	
catches	1950-3-2-2	120	
catches	1950-3-2-3	124	
catches	1950-3-2-4	26	
catches	1951-0-0-0	0	
catches	1951-0-0-1	56	
catches	1951-0-0-2	129	
catches	1951-0-0-3	60	
catches	1951-0-0-4	0	
catches	1951-0-1-0	0	
catches	1951-0-1-1	2000	
catches	1951-0-1-2	0	
catches	1951-0-1-3	0	
catches	1951-0-1-4	0	
catches	1951-0-2-0	0	
catches	1951-0-2-1	289	
catches	1951-0-2-2	358	
catches	1951-0-2-3	491	
catches	1951-0-2-4	38	
catches	1951-1-0-0	0	
catches	1951-1-0-1	56	
catches	1951-1-0-2	129	
catches	1951-1-0-3	60	
catches	1951-1-0-4	0	
catches	1951-1-1-0	0	
catches	1951-1-1-1	2000	
catches	1951-1-1-2	0	
catches	1951-1-1-3	0	
catches	1951-1-1-4	0	
catches	1951-1-2-0	0	
catches	1951-1-2-1	289	
catches	1951-1-2-2	358	
catches	1951-1-2-3	491	
catches	1951-1-2-4	38	
catches	1951-2-0-0	0	
catches	1951-2-0-1	56	
catches	1951-2-0-2	129	
catches	1951-2-0-3	60	
catches	1951-2-0-4	0	
catches	1951-2-1-0	0	
catches	1951-2-1-1	2000	
catches	1951-2-1-2	0	
catches	1951-2-1-3	0	
catches	1951-2-1-4	0	
catches	1951-2-2-0	0	
catches	1951-2-2-1	289	
catches	1951-2-2-2	358	
catches	1951-2-2-3	491	
catches	1951-2-2-4	38	
catches	1951-3-0-0	0	
catches	1951-3-0-1	56	
catches	1951-3-0-2	129	
catches	1951-3-0-3	60	
catches	1951-3-0-4	0	
catches	1951-3-1-0	0	
catches	1951-3-1-1	2000	
catches	1951-3-1-2	0	
catches	1951-3-1-3	0	
catches	1951-3-1-4	0	
catches	1951-3-2-0	0	
catches	1951-3-2-1	289	
catches	1951-3-2-2	358	
catches	1951-3-2-3	491	
catches	1951-3-2-4	38	
catches	1952-0-0-0	0	
catches	1952-0-0-1	56	
catches	1952-0-0-2	130	
catches	1952-0-0-3	59	
catches	1952-0-0-4	0	
catches	1952-0-1-0	0	
catches	1952-0-1-1	2000	
catches	1952-0-1-2	0	
catches	1952-0-1-3	0	
catches	1952-0-1-4	0	
catches	1952-0-2-0	0	
catches	1952-0-2-1	224	
catches	1952-0-2-2	353	
catches	1952-0-2-3	510	
catches	1952-0-2-4	30	
catches	1952-1-0-0	0	
catches	1952-1-0-1	56	
catches	1952-1-0-2	130	
catches	1952-1-0-3	59	
catches	1952-1-0-4	0	
catches	1952-1-1-0	0	
catches	1952-1-1-1	2000	
catches	1952-1-1-2	0	
catches	1952-1-1-3	0	
catches	1952-1-1-4	0	
catches	1952-1-2-0	0	
catches	1952-1-2-1	224	
catches	1952-1-2-2	353	
catches	1952-1-2-3	510	
catches	1952-1-2-4	30	
catches	1952-2-0-0	0	
catches	1952-2-0-1	56	
catches	1952-2-0-2	130	
catches	1952-2-0-3	59	
catches	1952-2-0-4	0	
catches	1952-2-1-0	0	
catches	1952-2-1-1	2000	
catches	1952-2-1-2	0	
catches	1952-2-1-3	0	
catches	1952-2-1-4	0	
catches	1952-2-2-0	0	
catches	1952-2-2-1	224	
catches	1952-2-2-2	353	
catches	1952-2-2-3	510	
catches	1952-2-2-4	30	
catches	1952-3-0-0	0	
catches	1952-3-0-1	56	
catches	1952-3-0-2	130	
catches	1952-3-0-3	59	
catches	1952-3-0-4	0	
catches	1952-3-1-0	0	
catches	1952-3-1-1	2000	
catches	1952-3-1-2	0	
catches	1952-3-1-3	0	
catches	1952-3-1-4	0	
catches	1952-3-2-0	0	
catches	1952-3-2-1	224	
catches	1952-3-2-2	353	
catches	1952-3-2-3	510	
catches	1952-3-2-4	49	
catches	1953-0-0-0	0	
catches	1953-0-0-1	55	
catches	1953-0-0-2	192	
catches	1953-0-0-3	60	
catches	1953-0-0-4	0	
catches	1953-0-1-0	0	
catches	1953-0-1-1	2250	
catches	1953-0-1-2	0	
catches	1953-0-1-3	0	
catches	1953-0-1-4	0	
catches	1953-0-2-0	0	
catches	1953-0-2-1	161	
catches	1953-0-2-2	332	
catches	1953-0-2-3	499	
catches	1953-0-2-4	27	
catches	1953-1-0-0	0	
catches	1953-1-0-1	55	
catches	1953-1-0-2	192	
catches	1953-1-0-3	60	
catches	1953-1-0-4	0	
catches	1953-1-1-0	0	
catches	1953-1-1-1	2250	
catches	1953-1-1-2	0	
catches	1953-1-1-3	0	
catches	1953-1-1-4	0	
catches	1953-1-2-0	0	
catches	1953-1-2-1	161	
catches	1953-1-2-2	332	
catches	1953-1-2-3	499	
catches	1953-1-2-4	22	
catches	1953-2-0-0	0	
catches	1953-2-0-1	55	
catches	1953-2-0-2	192	
catches	1953-2-0-3	60	
catches	1953-2-0-4	0	
catches	1953-2-1-0	0	
catches	1953-2-1-1	2250	
catches	1953-2-1-2	0	
catches	1953-2-1-3	0	
catches	1953-2-1-4	0	
catches	1953-2-2-0	0	
catches	1953-2-2-1	161	
catches	1953-2-2-2	332	
catches	1953-2-2-3	499	
catches	1953-2-2-4	22	
catches	1953-3-0-0	0	
catches	1953-3-0-1	55	
catches	1953-3-0-2	192	
catches	1953-3-0-3	60	
catches	1953-3-0-4	0	
catches	1953-3-1-0	0	
catches	1953-3-1-1	2250	
catches	1953-3-1-2	0	
catches	1953-3-1-3	0	
catches	1953-3-1-4	0	
catches	1953-3-2-0	0	
catches	1953-3-2-1	161	
catches	1953-3-2-2	332	
catches	1953-3-2-3	499	
catches	1953-3-2-4	52	
catches	1954-0-0-0	0	
catches	1954-0-0-1	56	
catches	1954-0-0-2	198	
catches	1954-0-0-3	61	
catches	1954-0-0-4	0	
catches	1954-0-1-0	0	
catches	1954-0-1-1	2250	
catches	1954-0-1-2	0	
catches	1954-0-1-3	0	
catches	1954-0-1-4	0	
catches	1954-0-2-0	0	
catches	1954-0-2-1	151	
catches	1954-0-2-2	391	
catches	1954-0-2-3	604	
catches	1954-0-2-4	35	
catches	1954-1-0-0	0	
catches	1954-1-0-1	56	
catches	1954-1-0-2	198	
catches	1954-1-0-3	61	
catches	1954-1-0-4	68	
catches	1954-1-1-0	0	
catches	1954-1-1-1	2250	
catches	1954-1-1-2	0	
catches	1954-1-1-3	0	
catches	1954-1-1-4	0	
catches	1954-1-2-0	0	
catches	1954-1-2-1	151	
catches	1954-1-2-2	391	
catches	1954-1-2-3	604	
catches	1954-1-2-4	49	
catches	1954-2-0-0	0	
catches	1954-2-0-1	56	
catches	1954-2-0-2	198	
catches	1954-2-0-3	61	
catches	1954-2-0-4	0	
catches	1954-2-1-0	0	
catches	1954-2-1-1	2250	
catches	1954-2-1-2	0	
catches	1954-2-1-3	0	
catches	1954-2-1-4	0	
catches	1954-2-2-0	0	
catches	1954-2-2-1	151	
catches	1954-2-2-2	391	
catches	1954-2-2-3	604	
catches	1954-2-2-4	49	
catches	1954-3-0-0	0	
catches	1954-3-0-1	56	
catches	1954-3-0-2	198	
catches	1954-3-0-3	61	
catches	1954-3-0-4	0	
catches	1954-3-1-0	0	
catches	1954-3-1-1	2250	
catches	1954-3-1-2	0	
catches	1954-3-1-3	0	
catches	1954-3-1-4	0	
catches	1954-3-2-0	0	
catches	1954-3-2-1	151	
catches	1954-3-2-2	391	
catches	1954-3-2-3	604	
catches	1954-3-2-4	33	
catches	1955-0-0-0	0	
catches	1955-0-0-1	56	
catches	1955-0-0-2	204	
catches	1955-0-0-3	67	
catches	1955-0-0-4	50	
catches	1955-0-1-0	0	
catches	1955-0-1-1	2250	
catches	1955-0-1-2	0	
catches	1955-0-1-3	0	
catches	1955-0-1-4	0	
catches	1955-0-2-0	0	
catches	1955-0-2-1	140	
catches	1955-0-2-2	387	
catches	1955-0-2-3	601	
catches	1955-0-2-4	36	
catches	1955-1-0-0	0	
catches	1955-1-0-1	56	
catches	1955-1-0-2	204	
catches	1955-1-0-3	67	
catches	1955-1-0-4	96	
catches	1955-1-1-0	0	
catches	1955-1-1-1	2250	
catches	1955-1-1-2	0	
catches	1955-1-1-3	0	
catches	1955-1-1-4	0	
catches	1955-1-2-0	0	
catches	1955-1-2-1	140	
catches	1955-1-2-2	387	
catches	1955-1-2-3	601	
catches	1955-1-2-4	39	
catches	1955-2-0-0	0	
catches	1955-2-0-1	56	
catches	1955-2-0-2	204	
catches	1955-2-0-3	67	
catches	1955-2-0-4	100	
catches	1955-2-1-0	0	
catches	1955-2-1-1	2250	
catches	1955-2-1-2	0	
catches	1955-2-1-3	0	
catches	1955-2-1-4	0	
catches	1955-2-2-0	0	
catches	1955-2-2-1	140	
catches	1955-2-2-2	387	
catches	1955-2-2-3	601	
catches	1955-2-2-4	22	
catches	1955-3-0-0	0	
catches	1955-3-0-1	56	
catches	1955-3-0-2	204	
catches	1955-3-0-3	67	
catches	1955-3-0-4	141	
catches	1955-3-1-0	0	
catches	1955-3-1-1	2250	
catches	1955-3-1-2	0	
catches	1955-3-1-3	0	
catches	1955-3-1-4	0	
catches	1955-3-2-0	0	
catches	1955-3-2-1	140	
catches	1955-3-2-2	387	
catches	1955-3-2-3	601	
catches	1955-3-2-4	40	
catches	1956-0-0-0	0	
catches	1956-0-0-1	57	
catches	1956-0-0-2	191	
catches	1956-0-0-3	69	
catches	1956-0-0-4	151	
catches	1956-0-1-0	0	
catches	1956-0-1-1	2250	
catches	1956-0-1-2	0	
catches	1956-0-1-3	0	
catches	1956-0-1-4	0	
catches	1956-0-2-0	0	
catches	1956-0-2-1	185	
catches	1956-0-2-2	425	
catches	1956-0-2-3	648	
catches	1956-0-2-4	35	
catches	1956-1-0-0	0	
catches	1956-1-0-1	57	
catches	1956-1-0-2	191	
catches	1956-1-0-3	69	
catches	1956-1-0-4	98	
catches	1956-1-1-0	0	
catches	1956-1-1-1	2250	
catches	1956-1-1-2	0	
catches	1956-1-1-3	0	
catches	1956-1-1-4	0	
catches	1956-1-2-0	0	
catches	1956-1-2-1	185	
catches	1956-1-2-2	425	
catches	1956-1-2-3	648	
catches	1956-1-2-4	40	
catches	1956-2-0-0	0	
catches	1956-2-0-1	57	
catches	1956-2-0-2	191	
catches	1956-2-0-3	69	
catches	1956-2-0-4	261	
catches	1956-2-1-0	0	
catches	1956-2-1-1	2250	
catches	1956-2-1-2	0	
catches	1956-2-1-3	0	
catches	1956-2-1-4	0	
catches	1956-2-2-0	0	
catches	1956-2-2-1	185	
catches	1956-2-2-2	425	
catches	1956-2-2-3	648	
catches	1956-2-2-4	28	
catches	1956-3-0-0	0	
catches	1956-3-0-1	57	
catches	1956-3-0-2	191	
catches	1956-3-0-3	69	
catches	1956-3-0-4	0	
catches	1956-3-1-0	0	
catches	1956-3-1-1	2250	
catches	1956-3-1-2	0	
catches	1956-3-1-3	0	
catches	1956-3-1-4	0	
catches	1956-3-2-0	0	
catches	1956-3-2-1	185	
catches	1956-3-2-2	425	
catches	1956-3-2-3	648	
catches	1956-3-2-4	83	
catches	1957-0-0-0	0	
catches	1957-0-0-1	57	
catches	1957-0-0-2	476	
catches	1957-0-0-3	67	
catches	1957-0-0-4	49	
catches	1957-0-1-0	0	
catches	1957-0-1-1	2500	
catches	1957-0-1-2	0	
catches	1957-0-1-3	0	
catches	1957-0-1-4	0	
catches	1957-0-2-0	0	
catches	1957-0-2-1	189	
catches	1957-0-2-2	410	
catches	1957-0-2-3	623	
catches	1957-0-2-4	62	
catches	1957-1-0-0	0	
catches	1957-1-0-1	57	
catches	1957-1-0-2	476	
catches	1957-1-0-3	67	
catches	1957-1-0-4	8	
catches	1957-1-1-0	0	
catches	1957-1-1-1	2500	
catches	1957-1-1-2	0	
catches	1957-1-1-3	0	
catches	1957-1-1-4	0	
catches	1957-1-2-0	0	
catches	1957-1-2-1	189	
catches	1957-1-2-2	410	
catches	1957-1-2-3	623	
catches	1957-1-2-4	58	
catches	1957-2-0-0	0	
catches	1957-2-0-1	57	
catches	1957-2-0-2	476	
catches	1957-2-0-3	67	
catches	1957-2-0-4	39	
catches	1957-2-1-0	0	
catches	1957-2-1-1	2500	
catches	1957-2-1-2	0	
catches	1957-2-1-3	0	
catches	1957-2-1-4	0	
catches	1957-2-2-0	0	
catches	1957-2-2-1	189	
catches	1957-2-2-2	410	
catches	1957-2-2-3	623	
catches	1957-2-2-4	27	
catches	1957-3-0-0	0	
catches	1957-3-0-1	57	
catches	1957-3-0-2	476	
catches	1957-3-0-3	67	
catches	1957-3-0-4	85	
catches	1957-3-1-0	0	
catches	1957-3-1-1	2500	
catches	1957-3-1-2	0	
catches	1957-3-1-3	0	
catches	1957-3-1-4	0	
catches	1957-3-2-0	0	
catches	1957-3-2-1	189	
catches	1957-3-2-2	410	
catches	1957-3-2-3	623	
catches	1957-3-2-4	38	
catches	1958-0-0-0	0	
catches	1958-0-0-1	56	
catches	1958-0-0-2	243	
catches	1958-0-0-3	68	
catches	1958-0-0-4	58	
catches	1958-0-1-0	0	
catches	1958-0-1-1	2500	
catches	1958-0-1-2	0	
catches	1958-0-1-3	0	
catches	1958-0-1-4	0	
catches	1958-0-2-0	0	
catches	1958-0-2-1	205	
catches	1958-0-2-2	417	
catches	1958-0-2-3	626	
catches	1958-0-2-4	39	
catches	1958-1-0-0	0	
catches	1958-1-0-1	56	
catches	1958-1-0-2	243	
catches	1958-1-0-3	68	
catches	1958-1-0-4	88	
catches	1958-1-1-0	0	
catches	1958-1-1-1	2500	
catches	1958-1-1-2	0	
catches	1958-1-1-3	0	
catches	1958-1-1-4	0	
catches	1958-1-2-0	0	
catches	1958-1-2-1	205	
catches	1958-1-2-2	417	
catches	1958-1-2-3	626	
catches	1958-1-2-4	49	
catches	1958-2-0-0	0	
catches	1958-2-0-1	56	
catches	1958-2-0-2	243	
catches	1958-2-0-3	68	
catches	1958-2-0-4	3	
catches	1958-2-1-0	0	
catches	1958-2-1-1	2500	
catches	1958-2-1-2	0	
catches	1958-2-1-3	0	
catches	1958-2-1-4	0	
catches	1958-2-2-0	0	
catches	1958-2-2-1	205	
catches	1958-2-2-2	417	
catches	1958-2-2-3	626	
catches	1958-2-2-4	29	
catches	1958-3-0-0	0	
catches	1958-3-0-1	56	
catches	1958-3-0-2	243	
catches	1958-3-0-3	68	
catches	1958-3-0-4	14	
catches	1958-3-1-0	0	
catches	1958-3-1-1	2500	
catches	1958-3-1-2	0	
catches	1958-3-1-3	0	
catches	1958-3-1-4	0	
catches	1958-3-2-0	0	
catches	1958-3-2-1	205	
catches	1958-3-2-2	417	
catches	1958-3-2-3	626	
catches	1958-3-2-4	51	
catches	1959-0-0-0	0	
catches	1959-0-0-1	55	
catches	1959-0-0-2	244	
catches	1959-0-0-3	69	
catches	1959-0-0-4	25	
catches	1959-0-1-0	0	
catches	1959-0-1-1	2500	
catches	1959-0-1-2	0	
catches	1959-0-1-3	0	
catches	1959-0-1-4	0	
catches	1959-0-2-0	0	
catches	1959-0-2-1	221	
catches	1959-0-2-2	423	
catches	1959-0-2-3	631	
catches	1959-0-2-4	66	
catches	1959-1-0-0	0	
catches	1959-1-0-1	55	
catches	1959-1-0-2	244	
catches	1959-1-0-3	69	
catches	1959-1-0-4	151	
catches	1959-1-1-0	0	
catches	1959-1-1-1	2500	
catches	1959-1-1-2	0	
catches	1959-1-1-3	0	
catches	1959-1-1-4	0	
catches	1959-1-2-0	0	
catches	1959-1-2-1	221	
catches	1959-1-2-2	423	
catches	1959-1-2-3	631	
catches	1959-1-2-4	34	
catches	1959-2-0-0	0	
catches	1959-2-0-1	55	
catches	1959-2-0-2	244	
catches	1959-2-0-3	69	
catches	1959-2-0-4	0	
catches	1959-2-1-0	0	
catches	1959-2-1-1	2500	
catches	1959-2-1-2	0	
catches	1959-2-1-3	0	
catches	1959-2-1-4	0	
catches	1959-2-2-0	0	
catches	1959-2-2-1	221	
catches	1959-2-2-2	423	
catches	1959-2-2-3	631	
catches	1959-2-2-4	30	
catches	1959-3-0-0	0	
catches	1959-3-0-1	55	
catches	1959-3-0-2	244	
catches	1959-3-0-3	69	
catches	1959-3-0-4	0	
catches	1959-3-1-0	0	
catches	1959-3-1-1	2500	
catches	1959-3-1-2	0	
catches	1959-3-1-3	0	
catches	1959-3-1-4	0	
catches	1959-3-2-0	0	
catches	1959-3-2-1	221	
catches	1959-3-2-2	423	
catches	1959-3-2-3	631	
catches	1959-3-2-4	32	
catches	1960-0-0-0	0	
catches	1960-0-0-1	56	
catches	1960-0-0-2	294	
catches	1960-0-0-3	72	
catches	1960-0-0-4	186	
catches	1960-0-1-0	0	
catches	1960-0-1-1	2289	
catches	1960-0-1-2	0	
catches	1960-0-1-3	0	
catches	1960-0-1-4	0	
catches	1960-0-2-0	0	
catches	1960-0-2-1	287	
catches	1960-0-2-2	445	
catches	1960-0-2-3	640	
catches	1960-0-2-4	52	
catches	1960-1-0-0	0	
catches	1960-1-0-1	56	
catches	1960-1-0-2	294	
catches	1960-1-0-3	72	
catches	1960-1-0-4	93	
catches	1960-1-1-0	0	
catches	1960-1-1-1	2754	
catches	1960-1-1-2	0	
catches	1960-1-1-3	0	
catches	1960-1-1-4	0	
catches	1960-1-2-0	0	
catches	1960-1-2-1	287	
catches	1960-1-2-2	445	
catches	1960-1-2-3	640	
catches	1960-1-2-4	67	
catches	1960-2-0-0	0	
catches	1960-2-0-1	56	
catches	1960-2-0-2	294	
catches	1960-2-0-3	72	
catches	1960-2-0-4	1	
catches	1960-2-1-0	0	
catches	1960-2-1-1	2107	
catches	1960-2-1-2	0	
catches	1960-2-1-3	0	
catches	1960-2-1-4	0	
catches	1960-2-2-0	0	
catches	1960-2-2-1	287	
catches	1960-2-2-2	445	
catches	1960-2-2-3	640	
catches	1960-2-2-4	40	
catches	1960-3-0-0	0	
catches	1960-3-0-1	56	
catches	1960-3-0-2	294	
catches	1960-3-0-3	72	
catches	1960-3-0-4	25	
catches	1960-3-1-0	0	
catches	1960-3-1-1	1850	
catches	1960-3-1-2	0	
catches	1960-3-1-3	0	
catches	1960-3-1-4	0	
catches	1960-3-2-0	0	
catches	1960-3-2-1	287	
catches	1960-3-2-2	445	
catches	1960-3-2-3	640	
catches	1960-3-2-4	60	
catches	1961-0-0-0	0	
catches	1961-0-0-1	143	
catches	1961-0-0-2	270	
catches	1961-0-0-3	43	
catches	1961-0-0-4	32	
catches	1961-0-1-0	0	
catches	1961-0-1-1	2183	
catches	1961-0-1-2	0	
catches	1961-0-1-3	0	
catches	1961-0-1-4	0	
catches	1961-0-2-0	0	
catches	1961-0-2-1	353	
catches	1961-0-2-2	497	
catches	1961-0-2-3	700	
catches	1961-0-2-4	58	
catches	1961-1-0-0	0	
catches	1961-1-0-1	38	
catches	1961-1-0-2	270	
catches	1961-1-0-3	47	
catches	1961-1-0-4	130	
catches	1961-1-1-0	0	
catches	1961-1-1-1	2490	
catches	1961-1-1-2	0	
catches	1961-1-1-3	0	
catches	1961-1-1-4	0	
catches	1961-1-2-0	0	
catches	1961-1-2-1	353	
catches	1961-1-2-2	497	
catches	1961-1-2-3	700	
catches	1961-1-2-4	51	
catches	1961-2-0-0	0	
catches	1961-2-0-1	13	
catches	1961-2-0-2	270	
catches	1961-2-0-3	242	
catches	1961-2-0-4	0	
catches	1961-2-1-0	0	
catches	1961-2-1-1	1638	
catches	1961-2-1-2	0	
catches	1961-2-1-3	0	
catches	1961-2-1-4	0	
catches	1961-2-2-0	0	
catches	1961-2-2-1	353	
catches	1961-2-2-2	497	
catches	1961-2-2-3	700	
catches	1961-2-2-4	60	
catches	1961-3-0-0	0	
catches	1961-3-0-1	190	
catches	1961-3-0-2	270	
catches	1961-3-0-3	43	
catches	1961-3-0-4	132	
catches	1961-3-1-0	0	
catches	1961-3-1-1	1689	
catches	1961-3-1-2	0	
catches	1961-3-1-3	0	
catches	1961-3-1-4	0	
catches	1961-3-2-0	0	
catches	1961-3-2-1	353	
catches	1961-3-2-2	497	
catches	1961-3-2-3	700	
catches	1961-3-2-4	72	
catches	1962-0-0-0	0	
catches	1962-0-0-1	25	
catches	1962-0-0-2	409	
catches	1962-0-0-3	51	
catches	1962-0-0-4	145	
catches	1962-0-1-0	0	
catches	1962-0-1-1	2203	
catches	1962-0-1-2	0	
catches	1962-0-1-3	0	
catches	1962-0-1-4	0	
catches	1962-0-2-0	0	
catches	1962-0-2-1	531	
catches	1962-0-2-2	648	
catches	1962-0-2-3	890	
catches	1962-0-2-4	108	
catches	1962-1-0-0	0	
catches	1962-1-0-1	7	
catches	1962-1-0-2	409	
catches	1962-1-0-3	53	
catches	1962-1-0-4	37	
catches	1962-1-1-0	0	
catches	1962-1-1-1	2342	
catches	1962-1-1-2	0	
catches	1962-1-1-3	0	
catches	1962-1-1-4	0	
catches	1962-1-2-0	0	
catches	1962-1-2-1	531	
catches	1962-1-2-2	648	
catches	1962-1-2-3	890	
catches	1962-1-2-4	74	
catches	1962-2-0-0	0	
catches	1962-2-0-1	2	
catches	1962-2-0-2	409	
catches	1962-2-0-3	68	
catches	1962-2-0-4	23	
catches	1962-2-1-0	0	
catches	1962-2-1-1	1700	
catches	1962-2-1-2	0	
catches	1962-2-1-3	0	
catches	1962-2-1-4	0	
catches	1962-2-2-0	0	
catches	1962-2-2-1	531	
catches	1962-2-2-2	648	
catches	1962-2-2-3	890	
catches	1962-2-2-4	86	
catches	1962-3-0-0	0	
catches	1962-3-0-1	37	
catches	1962-3-0-2	409	
catches	1962-3-0-3	46	
catches	1962-3-0-4	145	
catches	1962-3-1-0	0	
catches	1962-3-1-1	1755	
catches	1962-3-1-2	0	
catches	1962-3-1-3	0	
catches	1962-3-1-4	0	
catches	1962-3-2-0	0	
catches	1962-3-2-1	531	
catches	1962-3-2-2	648	
catches	1962-3-2-3	890	
catches	1962-3-2-4	95	
catches	1963-0-0-0	12	
catches	1963-0-0-1	98	
catches	1963-0-0-2	608	
catches	1963-0-0-3	89	
catches	1963-0-0-4	30	
catches	1963-0-1-0	0	
catches	1963-0-1-1	2326	
catches	1963-0-1-2	0	
catches	1963-0-1-3	0	
catches	1963-0-1-4	0	
catches	1963-0-2-0	0	
catches	1963-0-2-1	710	
catches	1963-0-2-2	730	
catches	1963-0-2-3	966	
catches	1963-0-2-4	97	
catches	1963-1-0-0	12	
catches	1963-1-0-1	26	
catches	1963-1-0-2	608	
catches	1963-1-0-3	69	
catches	1963-1-0-4	121	
catches	1963-1-1-0	0	
catches	1963-1-1-1	2186	
catches	1963-1-1-2	0	
catches	1963-1-1-3	0	
catches	1963-1-1-4	0	
catches	1963-1-2-0	0	
catches	1963-1-2-1	710	
catches	1963-1-2-2	730	
catches	1963-1-2-3	966	
catches	1963-1-2-4	114	
catches	1963-2-0-0	12	
catches	1963-2-0-1	9	
catches	1963-2-0-2	608	
catches	1963-2-0-3	118	
catches	1963-2-0-4	15	
catches	1963-2-1-0	0	
catches	1963-2-1-1	1700	
catches	1963-2-1-2	0	
catches	1963-2-1-3	0	
catches	1963-2-1-4	0	
catches	1963-2-2-0	0	
catches	1963-2-2-1	710	
catches	1963-2-2-2	730	
catches	1963-2-2-3	966	
catches	1963-2-2-4	108	
catches	1963-3-0-0	12	
catches	1963-3-0-1	142	
catches	1963-3-0-2	608	
catches	1963-3-0-3	54	
catches	1963-3-0-4	38	
catches	1963-3-1-0	0	
catches	1963-3-1-1	1789	
catches	1963-3-1-2	0	
catches	1963-3-1-3	0	
catches	1963-3-1-4	0	
catches	1963-3-2-0	0	
catches	1963-3-2-1	710	
catches	1963-3-2-2	730	
catches	1963-3-2-3	966	
catches	1963-3-2-4	96	
catches	1964-0-0-0	55	
catches	1964-0-0-1	86	
catches	1964-0-0-2	834	
catches	1964-0-0-3	95	
catches	1964-0-0-4	18	
catches	1964-0-1-0	0	
catches	1964-0-1-1	2326	
catches	1964-0-1-2	0	
catches	1964-0-1-3	0	
catches	1964-0-1-4	0	
catches	1964-0-2-0	0	
catches	1964-0-2-1	687	
catches	1964-0-2-2	728	
catches	1964-0-2-3	969	
catches	1964-0-2-4	103	
catches	1964-1-0-0	55	
catches	1964-1-0-1	24	
catches	1964-1-0-2	863	
catches	1964-1-0-3	62	
catches	1964-1-0-4	71	
catches	1964-1-1-0	0	
catches	1964-1-1-1	2186	
catches	1964-1-1-2	0	
catches	1964-1-1-3	0	
catches	1964-1-1-4	0	
catches	1964-1-2-0	0	
catches	1964-1-2-1	687	
catches	1964-1-2-2	728	
catches	1964-1-2-3	969	
catches	1964-1-2-4	93	
catches	1964-2-0-0	55	
catches	1964-2-0-1	8	
catches	1964-2-0-2	834	
catches	1964-2-0-3	104	
catches	1964-2-0-4	29	
catches	1964-2-1-0	0	
catches	1964-2-1-1	1700	
catches	1964-2-1-2	0	
catches	1964-2-1-3	0	
catches	1964-2-1-4	0	
catches	1964-2-2-0	0	
catches	1964-2-2-1	687	
catches	1964-2-2-2	728	
catches	1964-2-2-3	969	
catches	1964-2-2-4	107	
catches	1964-3-0-0	55	
catches	1964-3-0-1	120	
catches	1964-3-0-2	834	
catches	1964-3-0-3	60	
catches	1964-3-0-4	100	
catches	1964-3-1-0	0	
catches	1964-3-1-1	1789	
catches	1964-3-1-2	0	
catches	1964-3-1-3	0	
catches	1964-3-1-4	0	
catches	1964-3-2-0	0	
catches	1964-3-2-1	687	
catches	1964-3-2-2	728	
catches	1964-3-2-3	969	
catches	1964-3-2-4	111	
catches	1965-0-0-0	3	
catches	1965-0-0-1	57	
catches	1965-0-0-2	903	
catches	1965-0-0-3	79	
catches	1965-0-0-4	78	
catches	1965-0-1-0	0	
catches	1965-0-1-1	4099	
catches	1965-0-1-2	0	
catches	1965-0-1-3	0	
catches	1965-0-1-4	0	
catches	1965-0-2-0	0	
catches	1965-0-2-1	664	
catches	1965-0-2-2	743	
catches	1965-0-2-3	997	
catches	1965-0-2-4	99	
catches	1965-1-0-0	3	
catches	1965-1-0-1	16	
catches	1965-1-0-2	922	
catches	1965-1-0-3	61	
catches	1965-1-0-4	122	
catches	1965-1-1-0	0	
catches	1965-1-1-1	3852	
catches	1965-1-1-2	0	
catches	1965-1-1-3	0	
catches	1965-1-1-4	0	
catches	1965-1-2-0	0	
catches	1965-1-2-1	664	
catches	1965-1-2-2	743	
catches	1965-1-2-3	997	
catches	1965-1-2-4	107	
catches	1965-2-0-0	3	
catches	1965-2-0-1	5	
catches	1965-2-0-2	903	
catches	1965-2-0-3	84	
catches	1965-2-0-4	20	
catches	1965-2-1-0	0	
catches	1965-2-1-1	2996	
catches	1965-2-1-2	0	
catches	1965-2-1-3	0	
catches	1965-2-1-4	0	
catches	1965-2-2-0	0	
catches	1965-2-2-1	664	
catches	1965-2-2-2	743	
catches	1965-2-2-3	997	
catches	1965-2-2-4	92	
catches	1965-3-0-0	3	
catches	1965-3-0-1	77	
catches	1965-3-0-2	903	
catches	1965-3-0-3	58	
catches	1965-3-0-4	44	
catches	1965-3-1-0	0	
catches	1965-3-1-1	3153	
catches	1965-3-1-2	0	
catches	1965-3-1-3	0	
catches	1965-3-1-4	0	
catches	1965-3-2-0	0	
catches	1965-3-2-1	664	
catches	1965-3-2-2	743	
catches	1965-3-2-3	997	
catches	1965-3-2-4	99	
catches	1966-0-0-0	0	
catches	1966-0-0-1	41	
catches	1966-0-0-2	1205	
catches	1966-0-0-3	75	
catches	1966-0-0-4	99	
catches	1966-0-1-0	0	
catches	1966-0-1-1	4913	
catches	1966-0-1-2	0	
catches	1966-0-1-3	0	
catches	1966-0-1-4	0	
catches	1966-0-2-0	0	
catches	1966-0-2-1	440	
catches	1966-0-2-2	1163	
catches	1966-0-2-3	1105	
catches	1966-0-2-4	64	
catches	1966-1-0-0	0	
catches	1966-1-0-1	12	
catches	1966-1-0-2	1205	
catches	1966-1-0-3	62	
catches	1966-1-0-4	214	
catches	1966-1-1-0	0	
catches	1966-1-1-1	4617	
catches	1966-1-1-2	0	
catches	1966-1-1-3	0	
catches	1966-1-1-4	0	
catches	1966-1-2-0	0	
catches	1966-1-2-1	440	
catches	1966-1-2-2	1163	
catches	1966-1-2-3	1105	
catches	1966-1-2-4	64	
catches	1966-2-0-0	0	
catches	1966-2-0-1	4	
catches	1966-2-0-2	1218	
catches	1966-2-0-3	78	
catches	1966-2-0-4	57	
catches	1966-2-1-0	0	
catches	1966-2-1-1	3591	
catches	1966-2-1-2	0	
catches	1966-2-1-3	0	
catches	1966-2-1-4	0	
catches	1966-2-2-0	0	
catches	1966-2-2-1	440	
catches	1966-2-2-2	1163	
catches	1966-2-2-3	1105	
catches	1966-2-2-4	73	
catches	1966-3-0-0	0	
catches	1966-3-0-1	55	
catches	1966-3-0-2	1205	
catches	1966-3-0-3	59	
catches	1966-3-0-4	95	
catches	1966-3-1-0	0	
catches	1966-3-1-1	3779	
catches	1966-3-1-2	0	
catches	1966-3-1-3	0	
catches	1966-3-1-4	0	
catches	1966-3-2-0	0	
catches	1966-3-2-1	440	
catches	1966-3-2-2	1163	
catches	1966-3-2-3	1105	
catches	1966-3-2-4	72	
catches	1967-0-0-0	0	
catches	1967-0-0-1	59	
catches	1967-0-0-2	1171	
catches	1967-0-0-3	97	
catches	1967-0-0-4	105	
catches	1967-0-1-0	0	
catches	1967-0-1-1	5494	
catches	1967-0-1-2	0	
catches	1967-0-1-3	0	
catches	1967-0-1-4	0	
catches	1967-0-2-0	0	
catches	1967-0-2-1	484	
catches	1967-0-2-2	1234	
catches	1967-0-2-3	1136	
catches	1967-0-2-4	80	
catches	1967-1-0-0	0	
catches	1967-1-0-1	17	
catches	1967-1-0-2	1172	
catches	1967-1-0-3	79	
catches	1967-1-0-4	118	
catches	1967-1-1-0	0	
catches	1967-1-1-1	5163	
catches	1967-1-1-2	0	
catches	1967-1-1-3	0	
catches	1967-1-1-4	0	
catches	1967-1-2-0	0	
catches	1967-1-2-1	484	
catches	1967-1-2-2	1234	
catches	1967-1-2-3	1136	
catches	1967-1-2-4	80	
catches	1967-2-0-0	0	
catches	1967-2-0-1	5	
catches	1967-2-0-2	1190	
catches	1967-2-0-3	102	
catches	1967-2-0-4	36	
catches	1967-2-1-0	0	
catches	1967-2-1-1	4016	
catches	1967-2-1-2	0	
catches	1967-2-1-3	0	
catches	1967-2-1-4	0	
catches	1967-2-2-0	0	
catches	1967-2-2-1	484	
catches	1967-2-2-2	1234	
catches	1967-2-2-3	1136	
catches	1967-2-2-4	74	
catches	1967-3-0-0	0	
catches	1967-3-0-1	80	
catches	1967-3-0-2	1171	
catches	1967-3-0-3	75	
catches	1967-3-0-4	78	
catches	1967-3-1-0	0	
catches	1967-3-1-1	4226	
catches	1967-3-1-2	0	
catches	1967-3-1-3	0	
catches	1967-3-1-4	0	
catches	1967-3-2-0	0	
catches	1967-3-2-1	484	
catches	1967-3-2-2	1234	
catches	1967-3-2-3	1136	
catches	1967-3-2-4	72	
catches	1968-0-0-0	0	
catches	1968-0-0-1	90	
catches	1968-0-0-2	1177	
catches	1968-0-0-3	124	
catches	1968-0-0-4	124	
catches	1968-0-1-0	0	
catches	1968-0-1-1	5087	
catches	1968-0-1-2	0	
catches	1968-0-1-3	0	
catches	1968-0-1-4	0	
catches	1968-0-2-0	0	
catches	1968-0-2-1	548	
catches	1968-0-2-2	1321	
catches	1968-0-2-3	1159	
catches	1968-0-2-4	93	
catches	1968-1-0-0	0	
catches	1968-1-0-1	26	
catches	1968-1-0-2	1178	
catches	1968-1-0-3	97	
catches	1968-1-0-4	205	
catches	1968-1-1-0	0	
catches	1968-1-1-1	4781	
catches	1968-1-1-2	0	
catches	1968-1-1-3	0	
catches	1968-1-1-4	0	
catches	1968-1-2-0	0	
catches	1968-1-2-1	548	
catches	1968-1-2-2	1321	
catches	1968-1-2-3	1159	
catches	1968-1-2-4	86	
catches	1968-2-0-0	0	
catches	1968-2-0-1	8	
catches	1968-2-0-2	1206	
catches	1968-2-0-3	133	
catches	1968-2-0-4	82	
catches	1968-2-1-0	0	
catches	1968-2-1-1	3719	
catches	1968-2-1-2	0	
catches	1968-2-1-3	0	
catches	1968-2-1-4	0	
catches	1968-2-2-0	0	
catches	1968-2-2-1	548	
catches	1968-2-2-2	1321	
catches	1968-2-2-3	1159	
catches	1968-2-2-4	78	
catches	1968-3-0-0	0	
catches	1968-3-0-1	121	
catches	1968-3-0-2	1177	
catches	1968-3-0-3	91	
catches	1968-3-0-4	151	
catches	1968-3-1-0	0	
catches	1968-3-1-1	3913	
catches	1968-3-1-2	0	
catches	1968-3-1-3	0	
catches	1968-3-1-4	0	
catches	1968-3-2-0	0	
catches	1968-3-2-1	548	
catches	1968-3-2-2	1321	
catches	1968-3-2-3	1159	
catches	1968-3-2-4	77	
catches	1969-0-0-0	0	
catches	1969-0-0-1	74	
catches	1969-0-0-2	1063	
catches	1969-0-0-3	149	
catches	1969-0-0-4	149	
catches	1969-0-1-0	0	
catches	1969-0-1-1	5698	
catches	1969-0-1-2	0	
catches	1969-0-1-3	0	
catches	1969-0-1-4	0	
catches	1969-0-2-0	0	
catches	1969-0-2-1	613	
catches	1969-0-2-2	1432	
catches	1969-0-2-3	1224	
catches	1969-0-2-4	87	
catches	1969-1-0-0	0	
catches	1969-1-0-1	29	
catches	1969-1-0-2	1065	
catches	1969-1-0-3	111	
catches	1969-1-0-4	36	
catches	1969-1-1-0	0	
catches	1969-1-1-1	5355	
catches	1969-1-1-2	0	
catches	1969-1-1-3	0	
catches	1969-1-1-4	0	
catches	1969-1-2-0	0	
catches	1969-1-2-1	613	
catches	1969-1-2-2	1432	
catches	1969-1-2-3	1224	
catches	1969-1-2-4	91	
catches	1969-2-0-0	0	
catches	1969-2-0-1	19	
catches	1969-2-0-2	1103	
catches	1969-2-0-3	162	
catches	1969-2-0-4	53	
catches	1969-2-1-0	0	
catches	1969-2-1-1	4165	
catches	1969-2-1-2	0	
catches	1969-2-1-3	0	
catches	1969-2-1-4	0	
catches	1969-2-2-0	0	
catches	1969-2-2-1	613	
catches	1969-2-2-2	1432	
catches	1969-2-2-3	1224	
catches	1969-2-2-4	82	
catches	1969-3-0-0	0	
catches	1969-3-0-1	221	
catches	1969-3-0-2	1063	
catches	1969-3-0-3	103	
catches	1969-3-0-4	60	
catches	1969-3-1-0	0	
catches	1969-3-1-1	4383	
catches	1969-3-1-2	0	
catches	1969-3-1-3	0	
catches	1969-3-1-4	0	
catches	1969-3-2-0	0	
catches	1969-3-2-1	613	
catches	1969-3-2-2	1432	
catches	1969-3-2-3	1224	
catches	1969-3-2-4	81	
catches	1970-0-0-0	0	
catches	1970-0-0-1	70	
catches	1970-0-0-2	969	
catches	1970-0-0-3	174	
catches	1970-0-0-4	17	
catches	1970-0-1-0	0	
catches	1970-0-1-1	6554	
catches	1970-0-1-2	0	
catches	1970-0-1-3	203	
catches	1970-0-1-4	0	
catches	1970-0-2-0	0	
catches	1970-0-2-1	482	
catches	1970-0-2-2	892	
catches	1970-0-2-3	1046	
catches	1970-0-2-4	70	
catches	1970-1-0-0	0	
catches	1970-1-0-1	30	
catches	1970-1-0-2	970	
catches	1970-1-0-3	141	
catches	1970-1-0-4	32	
catches	1970-1-1-0	0	
catches	1970-1-1-1	5346	
catches	1970-1-1-2	0	
catches	1970-1-1-3	92	
catches	1970-1-1-4	0	
catches	1970-1-2-0	0	
catches	1970-1-2-1	482	
catches	1970-1-2-2	1050	
catches	1970-1-2-3	1046	
catches	1970-1-2-4	77	
catches	1970-2-0-0	0	
catches	1970-2-0-1	15	
catches	1970-2-0-2	1004	
catches	1970-2-0-3	185	
catches	1970-2-0-4	6	
catches	1970-2-1-0	0	
catches	1970-2-1-1	6808	
catches	1970-2-1-2	0	
catches	1970-2-1-3	163	
catches	1970-2-1-4	0	
catches	1970-2-2-0	0	
catches	1970-2-2-1	482	
catches	1970-2-2-2	1706	
catches	1970-2-2-3	1046	
catches	1970-2-2-4	114	
catches	1970-3-0-0	0	
catches	1970-3-0-1	185	
catches	1970-3-0-2	969	
catches	1970-3-0-3	134	
catches	1970-3-0-4	34	
catches	1970-3-1-0	0	
catches	1970-3-1-1	8892	
catches	1970-3-1-2	0	
catches	1970-3-1-3	176	
catches	1970-3-1-4	0	
catches	1970-3-2-0	0	
catches	1970-3-2-1	482	
catches	1970-3-2-2	1066	
catches	1970-3-2-3	1046	
catches	1970-3-2-4	68	
catches	1971-0-0-0	0	
catches	1971-0-0-1	101	
catches	1971-0-0-2	793	
catches	1971-0-0-3	230	
catches	1971-0-0-4	46	
catches	1971-0-1-0	0	
catches	1971-0-1-1	6866	
catches	1971-0-1-2	0	
catches	1971-0-1-3	174	
catches	1971-0-1-4	0	
catches	1971-0-2-0	0	
catches	1971-0-2-1	350	
catches	1971-0-2-2	716	
catches	1971-0-2-3	982	
catches	1971-0-2-4	55	
catches	1971-1-0-0	0	
catches	1971-1-0-1	46	
catches	1971-1-0-2	795	
catches	1971-1-0-3	185	
catches	1971-1-0-4	30	
catches	1971-1-1-0	0	
catches	1971-1-1-1	6479	
catches	1971-1-1-2	0	
catches	1971-1-1-3	131	
catches	1971-1-1-4	0	
catches	1971-1-2-0	0	
catches	1971-1-2-1	350	
catches	1971-1-2-2	962	
catches	1971-1-2-3	982	
catches	1971-1-2-4	49	
catches	1971-2-0-0	0	
catches	1971-2-0-1	26	
catches	1971-2-0-2	840	
catches	1971-2-0-3	244	
catches	1971-2-0-4	30	
catches	1971-2-1-0	0	
catches	1971-2-1-1	5570	
catches	1971-2-1-2	0	
catches	1971-2-1-3	59	
catches	1971-2-1-4	0	
catches	1971-2-2-0	0	
catches	1971-2-2-1	350	
catches	1971-2-2-2	1472	
catches	1971-2-2-3	982	
catches	1971-2-2-4	46	
catches	1971-3-0-0	0	
catches	1971-3-0-1	256	
catches	1971-3-0-2	793	
catches	1971-3-0-3	175	
catches	1971-3-0-4	26	
catches	1971-3-1-0	0	
catches	1971-3-1-1	9092	
catches	1971-3-1-2	0	
catches	1971-3-1-3	119	
catches	1971-3-1-4	0	
catches	1971-3-2-0	0	
catches	1971-3-2-1	350	
catches	1971-3-2-2	782	
catches	1971-3-2-3	982	
catches	1971-3-2-4	46	
catches	1972-0-0-0	0	
catches	1972-0-0-1	73	
catches	1972-0-0-2	947	
catches	1972-0-0-3	237	
catches	1972-0-0-4	37	
catches	1972-0-1-0	0	
catches	1972-0-1-1	6816	
catches	1972-0-1-2	0	
catches	1972-0-1-3	124	
catches	1972-0-1-4	0	
catches	1972-0-2-0	0	
catches	1972-0-2-1	579	
catches	1972-0-2-2	1043	
catches	1972-0-2-3	1283	
catches	1972-0-2-4	77	
catches	1972-1-0-0	0	
catches	1972-1-0-1	36	
catches	1972-1-0-2	948	
catches	1972-1-0-3	205	
catches	1972-1-0-4	80	
catches	1972-1-1-0	0	
catches	1972-1-1-1	3582	
catches	1972-1-1-2	0	
catches	1972-1-1-3	54	
catches	1972-1-1-4	0	
catches	1972-1-2-0	0	
catches	1972-1-2-1	579	
catches	1972-1-2-2	1321	
catches	1972-1-2-3	1283	
catches	1972-1-2-4	78	
catches	1972-2-0-0	0	
catches	1972-2-0-1	16	
catches	1972-2-0-2	980	
catches	1972-2-0-3	248	
catches	1972-2-0-4	23	
catches	1972-2-1-0	0	
catches	1972-2-1-1	3866	
catches	1972-2-1-2	0	
catches	1972-2-1-3	91	
catches	1972-2-1-4	0	
catches	1972-2-2-0	0	
catches	1972-2-2-1	579	
catches	1972-2-2-2	1933	
catches	1972-2-2-3	1283	
catches	1972-2-2-4	79	
catches	1972-3-0-0	0	
catches	1972-3-0-1	175	
catches	1972-3-0-2	947	
catches	1972-3-0-3	198	
catches	1972-3-0-4	50	
catches	1972-3-1-0	0	
catches	1972-3-1-1	3214	
catches	1972-3-1-2	0	
catches	1972-3-1-3	71	
catches	1972-3-1-4	0	
catches	1972-3-2-0	0	
catches	1972-3-2-1	579	
catches	1972-3-2-2	1379	
catches	1972-3-2-3	1283	
catches	1972-3-2-4	75	
catches	1973-0-0-0	0	
catches	1973-0-0-1	1451	
catches	1973-0-0-2	1090	
catches	1973-0-0-3	337	
catches	1973-0-0-4	13	
catches	1973-0-1-0	0	
catches	1973-0-1-1	6326	
catches	1973-0-1-2	0	
catches	1973-0-1-3	169	
catches	1973-0-1-4	0	
catches	1973-0-2-0	0	
catches	1973-0-2-1	703	
catches	1973-0-2-2	1222	
catches	1973-0-2-3	1418	
catches	1973-0-2-4	96	
catches	1973-1-0-0	0	
catches	1973-1-0-1	1308	
catches	1973-1-0-2	884	
catches	1973-1-0-3	277	
catches	1973-1-0-4	10	
catches	1973-1-1-0	0	
catches	1973-1-1-1	3383	
catches	1973-1-1-2	0	
catches	1973-1-1-3	108	
catches	1973-1-1-4	0	
catches	1973-1-2-0	0	
catches	1973-1-2-1	703	
catches	1973-1-2-2	1576	
catches	1973-1-2-3	1794	
catches	1973-1-2-4	92	
catches	1973-2-0-0	0	
catches	1973-2-0-1	1271	
catches	1973-2-0-2	608	
catches	1973-2-0-3	356	
catches	1973-2-0-4	4	
catches	1973-2-1-0	0	
catches	1973-2-1-1	3750	
catches	1973-2-1-2	0	
catches	1973-2-1-3	25	
catches	1973-2-1-4	0	
catches	1973-2-2-0	0	
catches	1973-2-2-1	703	
catches	1973-2-2-2	2362	
catches	1973-2-2-3	1797	
catches	1973-2-2-4	92	
catches	1973-3-0-0	0	
catches	1973-3-0-1	1517	
catches	1973-3-0-2	466	
catches	1973-3-0-3	264	
catches	1973-3-0-4	2	
catches	1973-3-1-0	0	
catches	1973-3-1-1	6089	
catches	1973-3-1-2	0	
catches	1973-3-1-3	149	
catches	1973-3-1-4	0	
catches	1973-3-2-0	0	
catches	1973-3-2-1	703	
catches	1973-3-2-2	1667	
catches	1973-3-2-3	1668	
catches	1973-3-2-4	93	
catches	1974-0-0-0	0	
catches	1974-0-0-1	2867	
catches	1974-0-0-2	1380	
catches	1974-0-0-3	385	
catches	1974-0-0-4	9	
catches	1974-0-1-0	0	
catches	1974-0-1-1	5876	
catches	1974-0-1-2	0	
catches	1974-0-1-3	221	
catches	1974-0-1-4	0	
catches	1974-0-2-0	0	
catches	1974-0-2-1	617	
catches	1974-0-2-2	1055	
catches	1974-0-2-3	1939	
catches	1974-0-2-4	82	
catches	1974-1-0-0	0	
catches	1974-1-0-1	2688	
catches	1974-1-0-2	1332	
catches	1974-1-0-3	311	
catches	1974-1-0-4	16	
catches	1974-1-1-0	0	
catches	1974-1-1-1	6779	
catches	1974-1-1-2	0	
catches	1974-1-1-3	105	
catches	1974-1-1-4	0	
catches	1974-1-2-0	0	
catches	1974-1-2-1	617	
catches	1974-1-2-2	1371	
catches	1974-1-2-3	1931	
catches	1974-1-2-4	82	
catches	1974-2-0-0	0	
catches	1974-2-0-1	2645	
catches	1974-2-0-2	609	
catches	1974-2-0-3	409	
catches	1974-2-0-4	3	
catches	1974-2-1-0	0	
catches	1974-2-1-1	4010	
catches	1974-2-1-2	0	
catches	1974-2-1-3	19	
catches	1974-2-1-4	0	
catches	1974-2-2-0	0	
catches	1974-2-2-1	617	
catches	1974-2-2-2	2653	
catches	1974-2-2-3	1819	
catches	1974-2-2-4	81	
catches	1974-3-0-0	0	
catches	1974-3-0-1	2953	
catches	1974-3-0-2	867	
catches	1974-3-0-3	295	
catches	1974-3-0-4	6	
catches	1974-3-1-0	0	
catches	1974-3-1-1	5864	
catches	1974-3-1-2	0	
catches	1974-3-1-3	76	
catches	1974-3-1-4	0	
catches	1974-3-2-0	0	
catches	1974-3-2-1	617	
catches	1974-3-2-2	1708	
catches	1974-3-2-3	1775	
catches	1974-3-2-4	81	
catches	1975-0-0-0	0	
catches	1975-0-0-1	797	
catches	1975-0-0-2	1402	
catches	1975-0-0-3	442	
catches	1975-0-0-4	11	
catches	1975-0-1-0	0	
catches	1975-0-1-1	3796	
catches	1975-0-1-2	0	
catches	1975-0-1-3	69	
catches	1975-0-1-4	0	
catches	1975-0-2-0	0	
catches	1975-0-2-1	502	
catches	1975-0-2-2	969	
catches	1975-0-2-3	2741	
catches	1975-0-2-4	66	
catches	1975-1-0-0	0	
catches	1975-1-0-1	538	
catches	1975-1-0-2	1667	
catches	1975-1-0-3	335	
catches	1975-1-0-4	7	
catches	1975-1-1-0	0	
catches	1975-1-1-1	4567	
catches	1975-1-1-2	0	
catches	1975-1-1-3	73	
catches	1975-1-1-4	0	
catches	1975-1-2-0	0	
catches	1975-1-2-1	502	
catches	1975-1-2-2	1425	
catches	1975-1-2-3	2729	
catches	1975-1-2-4	66	
catches	1975-2-0-0	0	
catches	1975-2-0-1	476	
catches	1975-2-0-2	597	
catches	1975-2-0-3	476	
catches	1975-2-0-4	2	
catches	1975-2-1-0	0	
catches	1975-2-1-1	3494	
catches	1975-2-1-2	0	
catches	1975-2-1-3	54	
catches	1975-2-1-4	0	
catches	1975-2-2-0	0	
catches	1975-2-2-1	502	
catches	1975-2-2-2	3277	
catches	1975-2-2-3	2569	
catches	1975-2-2-4	66	
catches	1975-3-0-0	0	
catches	1975-3-0-1	922	
catches	1975-3-0-2	995	
catches	1975-3-0-3	311	
catches	1975-3-0-4	3	
catches	1975-3-1-0	0	
catches	1975-3-1-1	3068	
catches	1975-3-1-2	0	
catches	1975-3-1-3	73	
catches	1975-3-1-4	0	
catches	1975-3-2-0	0	
catches	1975-3-2-1	502	
catches	1975-3-2-2	1912	
catches	1975-3-2-3	2504	
catches	1975-3-2-4	65	
catches	1976-0-0-0	0	
catches	1976-0-0-1	265	
catches	1976-0-0-2	1124	
catches	1976-0-0-3	436	
catches	1976-0-0-4	1	
catches	1976-0-1-0	0	
catches	1976-0-1-1	5351	
catches	1976-0-1-2	0	
catches	1976-0-1-3	139	
catches	1976-0-1-4	0	
catches	1976-0-2-0	0	
catches	1976-0-2-1	900	
catches	1976-0-2-2	1555	
catches	1976-0-2-3	3136	
catches	1976-0-2-4	119	
catches	1976-1-0-0	0	
catches	1976-1-0-1	78	
catches	1976-1-0-2	1481	
catches	1976-1-0-3	359	
catches	1976-1-0-4	8	
catches	1976-1-1-0	0	
catches	1976-1-1-1	5866	
catches	1976-1-1-2	0	
catches	1976-1-1-3	121	
catches	1976-1-1-4	0	
catches	1976-1-2-0	0	
catches	1976-1-2-1	900	
catches	1976-1-2-2	2063	
catches	1976-1-2-3	3123	
catches	1976-1-2-4	118	
catches	1976-2-0-0	0	
catches	1976-2-0-1	33	
catches	1976-2-0-2	707	
catches	1976-2-0-3	461	
catches	1976-2-0-4	0	
catches	1976-2-1-0	0	
catches	1976-2-1-1	3362	
catches	1976-2-1-2	0	
catches	1976-2-1-3	58	
catches	1976-2-1-4	0	
catches	1976-2-2-0	0	
catches	1976-2-2-1	900	
catches	1976-2-2-2	4127	
catches	1976-2-2-3	2944	
catches	1976-2-2-4	117	
catches	1976-3-0-0	0	
catches	1976-3-0-1	356	
catches	1976-3-0-2	1094	
catches	1976-3-0-3	342	
catches	1976-3-0-4	0	
catches	1976-3-1-0	0	
catches	1976-3-1-1	4008	
catches	1976-3-1-2	0	
catches	1976-3-1-3	159	
catches	1976-3-1-4	0	
catches	1976-3-2-0	0	
catches	1976-3-2-1	900	
catches	1976-3-2-2	2606	
catches	1976-3-2-3	2872	
catches	1976-3-2-4	117	
catches	1977-0-0-0	0	
catches	1977-0-0-1	331	
catches	1977-0-0-2	1011	
catches	1977-0-0-3	478	
catches	1977-0-0-4	1	
catches	1977-0-1-0	0	
catches	1977-0-1-1	3844	
catches	1977-0-1-2	0	
catches	1977-0-1-3	123	
catches	1977-0-1-4	0	
catches	1977-0-2-0	0	
catches	1977-0-2-1	911	
catches	1977-0-2-2	1567	
catches	1977-0-2-3	3524	
catches	1977-0-2-4	113	
catches	1977-1-0-0	0	
catches	1977-1-0-1	160	
catches	1977-1-0-2	1335	
catches	1977-1-0-3	407	
catches	1977-1-0-4	5	
catches	1977-1-1-0	0	
catches	1977-1-1-1	3405	
catches	1977-1-1-2	0	
catches	1977-1-1-3	77	
catches	1977-1-1-4	0	
catches	1977-1-2-0	0	
catches	1977-1-2-1	911	
catches	1977-1-2-2	2167	
catches	1977-1-2-3	3508	
catches	1977-1-2-4	112	
catches	1977-2-0-0	0	
catches	1977-2-0-1	119	
catches	1977-2-0-2	647	
catches	1977-2-0-3	500	
catches	1977-2-0-4	2	
catches	1977-2-1-0	0	
catches	1977-2-1-1	3154	
catches	1977-2-1-2	0	
catches	1977-2-1-3	24	
catches	1977-2-1-4	0	
catches	1977-2-2-0	0	
catches	1977-2-2-1	911	
catches	1977-2-2-2	4609	
catches	1977-2-2-3	3296	
catches	1977-2-2-4	112	
catches	1977-3-0-0	0	
catches	1977-3-0-1	413	
catches	1977-3-0-2	998	
catches	1977-3-0-3	391	
catches	1977-3-0-4	1	
catches	1977-3-1-0	0	
catches	1977-3-1-1	3263	
catches	1977-3-1-2	0	
catches	1977-3-1-3	82	
catches	1977-3-1-4	0	
catches	1977-3-2-0	132	
catches	1977-3-2-1	911	
catches	1977-3-2-2	2810	
catches	1977-3-2-3	3212	
catches	1977-3-2-4	112	
catches	1978-0-0-0	0	
catches	1978-0-0-1	517	
catches	1978-0-0-2	588	
catches	1978-0-0-3	598	
catches	1978-0-0-4	7	
catches	1978-0-1-0	0	
catches	1978-0-1-1	4585	
catches	1978-0-1-2	0	
catches	1978-0-1-3	107	
catches	1978-0-1-4	0	
catches	1978-0-2-0	1341	
catches	1978-0-2-1	1122	
catches	1978-0-2-2	1510	
catches	1978-0-2-3	1559	
catches	1978-0-2-4	335	
catches	1978-1-0-0	0	
catches	1978-1-0-1	240	
catches	1978-1-0-2	784	
catches	1978-1-0-3	484	
catches	1978-1-0-4	6	
catches	1978-1-1-0	0	
catches	1978-1-1-1	2625	
catches	1978-1-1-2	0	
catches	1978-1-1-3	51	
catches	1978-1-1-4	0	
catches	1978-1-2-0	735	
catches	1978-1-2-1	1122	
catches	1978-1-2-2	1784	
catches	1978-1-2-3	1554	
catches	1978-1-2-4	331	
catches	1978-2-0-0	0	
catches	1978-2-0-1	174	
catches	1978-2-0-2	458	
catches	1978-2-0-3	635	
catches	1978-2-0-4	0	
catches	1978-2-1-0	0	
catches	1978-2-1-1	2798	
catches	1978-2-1-2	0	
catches	1978-2-1-3	34	
catches	1978-2-1-4	0	
catches	1978-2-2-0	1459	
catches	1978-2-2-1	1122	
catches	1978-2-2-2	2901	
catches	1978-2-2-3	1484	
catches	1978-2-2-4	331	
catches	1978-3-0-0	0	
catches	1978-3-0-1	650	
catches	1978-3-0-2	591	
catches	1978-3-0-3	459	
catches	1978-3-0-4	3	
catches	1978-3-1-0	0	
catches	1978-3-1-1	3154	
catches	1978-3-1-2	0	
catches	1978-3-1-3	79	
catches	1978-3-1-4	0	
catches	1978-3-2-0	2012	
catches	1978-3-2-1	1122	
catches	1978-3-2-2	2078	
catches	1978-3-2-3	1456	
catches	1978-3-2-4	330	
catches	1979-0-0-0	12	
catches	1979-0-0-1	579	
catches	1979-0-0-2	992	
catches	1979-0-0-3	696	
catches	1979-0-0-4	3	
catches	1979-0-1-0	0	
catches	1979-0-1-1	5203	
catches	1979-0-1-2	0	
catches	1979-0-1-3	83	
catches	1979-0-1-4	0	
catches	1979-0-2-0	1355	
catches	1979-0-2-1	996	
catches	1979-0-2-2	178	
catches	1979-0-2-3	1479	
catches	1979-0-2-4	311	
catches	1979-1-0-0	9	
catches	1979-1-0-1	205	
catches	1979-1-0-2	1490	
catches	1979-1-0-3	604	
catches	1979-1-0-4	5	
catches	1979-1-1-0	0	
catches	1979-1-1-1	4049	
catches	1979-1-1-2	0	
catches	1979-1-1-3	91	
catches	1979-1-1-4	0	
catches	1979-1-2-0	831	
catches	1979-1-2-1	996	
catches	1979-1-2-2	5254	
catches	1979-1-2-3	1474	
catches	1979-1-2-4	310	
catches	1979-2-0-0	11	
catches	1979-2-0-1	116	
catches	1979-2-0-2	548	
catches	1979-2-0-3	700	
catches	1979-2-0-4	0	
catches	1979-2-1-0	0	
catches	1979-2-1-1	3181	
catches	1979-2-1-2	0	
catches	1979-2-1-3	57	
catches	1979-2-1-4	0	
catches	1979-2-2-0	1422	
catches	1979-2-2-1	996	
catches	1979-2-2-2	1508	
catches	1979-2-2-3	1407	
catches	1979-2-2-4	314	
catches	1979-3-0-0	10	
catches	1979-3-0-1	759	
catches	1979-3-0-2	997	
catches	1979-3-0-3	529	
catches	1979-3-0-4	0	
catches	1979-3-1-0	0	
catches	1979-3-1-1	4822	
catches	1979-3-1-2	0	
catches	1979-3-1-3	101	
catches	1979-3-1-4	0	
catches	1979-3-2-0	1383	
catches	1979-3-2-1	996	
catches	1979-3-2-2	722	
catches	1979-3-2-3	1380	
catches	1979-3-2-4	312	
catches	1980-0-0-0	282	
catches	1980-0-0-1	299	
catches	1980-0-0-2	464	
catches	1980-0-0-3	711	
catches	1980-0-0-4	0	
catches	1980-0-1-0	0	
catches	1980-0-1-1	6458	
catches	1980-0-1-2	0	
catches	1980-0-1-3	197	
catches	1980-0-1-4	0	
catches	1980-0-2-0	1515	
catches	1980-0-2-1	1131	
catches	1980-0-2-2	1611	
catches	1980-0-2-3	1660	
catches	1980-0-2-4	355	
catches	1980-1-0-0	227	
catches	1980-1-0-1	87	
catches	1980-1-0-2	632	
catches	1980-1-0-3	667	
catches	1980-1-0-4	6	
catches	1980-1-1-0	0	
catches	1980-1-1-1	4251	
catches	1980-1-1-2	0	
catches	1980-1-1-3	114	
catches	1980-1-1-4	0	
catches	1980-1-2-0	883	
catches	1980-1-2-1	1131	
catches	1980-1-2-2	1903	
catches	1980-1-2-3	1654	
catches	1980-1-2-4	356	
catches	1980-2-0-0	248	
catches	1980-2-0-1	36	
catches	1980-2-0-2	270	
catches	1980-2-0-3	716	
catches	1980-2-0-4	0	
catches	1980-2-1-0	0	
catches	1980-2-1-1	4885	
catches	1980-2-1-2	0	
catches	1980-2-1-3	42	
catches	1980-2-1-4	0	
catches	1980-2-2-0	1551	
catches	1980-2-2-1	1131	
catches	1980-2-2-2	3088	
catches	1980-2-2-3	1580	
catches	1980-2-2-4	354	
catches	1980-3-0-0	243	
catches	1980-3-0-1	402	
catches	1980-3-0-2	478	
catches	1980-3-0-3	583	
catches	1980-3-0-4	0	
catches	1980-3-1-0	0	
catches	1980-3-1-1	6577	
catches	1980-3-1-2	0	
catches	1980-3-1-3	125	
catches	1980-3-1-4	0	
catches	1980-3-2-0	1386	
catches	1980-3-2-1	1131	
catches	1980-3-2-2	2215	
catches	1980-3-2-3	1550	
catches	1980-3-2-4	356	
catches	1981-0-0-0	635	
catches	1981-0-0-1	409	
catches	1981-0-0-2	715	
catches	1981-0-0-3	775	
catches	1981-0-0-4	2	
catches	1981-0-1-0	0	
catches	1981-0-1-1	6197	
catches	1981-0-1-2	0	
catches	1981-0-1-3	173	
catches	1981-0-1-4	0	
catches	1981-0-2-0	1630	
catches	1981-0-2-1	1307	
catches	1981-0-2-2	220	
catches	1981-0-2-3	1862	
catches	1981-0-2-4	407	
catches	1981-1-0-0	396	
catches	1981-1-0-1	150	
catches	1981-1-0-2	962	
catches	1981-1-0-3	774	
catches	1981-1-0-4	6	
catches	1981-1-1-0	0	
catches	1981-1-1-1	4317	
catches	1981-1-1-2	0	
catches	1981-1-1-3	95	
catches	1981-1-1-4	0	
catches	1981-1-2-0	889	
catches	1981-1-2-1	1307	
catches	1981-1-2-2	545	
catches	1981-1-2-3	1855	
catches	1981-1-2-4	404	
catches	1981-2-0-0	431	
catches	1981-2-0-1	88	
catches	1981-2-0-2	412	
catches	1981-2-0-3	851	
catches	1981-2-0-4	1	
catches	1981-2-1-0	0	
catches	1981-2-1-1	4441	
catches	1981-2-1-2	0	
catches	1981-2-1-3	58	
catches	1981-2-1-4	0	
catches	1981-2-2-0	1682	
catches	1981-2-2-1	1307	
catches	1981-2-2-2	8432	
catches	1981-2-2-3	1772	
catches	1981-2-2-4	407	
catches	1981-3-0-0	438	
catches	1981-3-0-1	534	
catches	1981-3-0-2	715	
catches	1981-3-0-3	676	
catches	1981-3-0-4	5	
catches	1981-3-1-0	0	
catches	1981-3-1-1	4691	
catches	1981-3-1-2	0	
catches	1981-3-1-3	88	
catches	1981-3-1-4	0	
catches	1981-3-2-0	1388	
catches	1981-3-2-1	1307	
catches	1981-3-2-2	894	
catches	1981-3-2-3	1739	
catches	1981-3-2-4	403	
catches	1982-0-0-0	985	
catches	1982-0-0-1	492	
catches	1982-0-0-2	901	
catches	1982-0-0-3	831	
catches	1982-0-0-4	2	
catches	1982-0-1-0	0	
catches	1982-0-1-1	3779	
catches	1982-0-1-2	0	
catches	1982-0-1-3	84	
catches	1982-0-1-4	0	
catches	1982-0-2-0	2329	
catches	1982-0-2-1	1239	
catches	1982-0-2-2	1961	
catches	1982-0-2-3	2316	
catches	1982-0-2-4	470	
catches	1982-1-0-0	600	
catches	1982-1-0-1	146	
catches	1982-1-0-2	1205	
catches	1982-1-0-3	1031	
catches	1982-1-0-4	3	
catches	1982-1-1-0	0	
catches	1982-1-1-1	4650	
catches	1982-1-1-2	0	
catches	1982-1-1-3	43	
catches	1982-1-1-4	0	
catches	1982-1-2-0	1439	
catches	1982-1-2-1	1221	
catches	1982-1-2-2	2395	
catches	1982-1-2-3	2308	
catches	1982-1-2-4	472	
catches	1982-2-0-0	600	
catches	1982-2-0-1	63	
catches	1982-2-0-2	511	
catches	1982-2-0-3	988	
catches	1982-2-0-4	3	
catches	1982-2-1-0	0	
catches	1982-2-1-1	3868	
catches	1982-2-1-2	0	
catches	1982-2-1-3	23	
catches	1982-2-1-4	0	
catches	1982-2-2-0	2291	
catches	1982-2-2-1	1216	
catches	1982-2-2-2	4162	
catches	1982-2-2-3	2197	
catches	1982-2-2-4	468	
catches	1982-3-0-0	1033	
catches	1982-3-0-1	659	
catches	1982-3-0-2	886	
catches	1982-3-0-3	761	
catches	1982-3-0-4	7	
catches	1982-3-1-0	0	
catches	1982-3-1-1	2977	
catches	1982-3-1-2	0	
catches	1982-3-1-3	35	
catches	1982-3-1-4	0	
catches	1982-3-2-0	2011	
catches	1982-3-2-1	1216	
catches	1982-3-2-2	2860	
catches	1982-3-2-3	2153	
catches	1982-3-2-4	468	
catches	1983-0-0-0	2526	
catches	1983-0-0-1	554	
catches	1983-0-0-2	308	
catches	1983-0-0-3	880	
catches	1983-0-0-4	2	
catches	1983-0-1-0	0	
catches	1983-0-1-1	6059	
catches	1983-0-1-2	0	
catches	1983-0-1-3	83	
catches	1983-0-1-4	0	
catches	1983-0-2-0	2145	
catches	1983-0-2-1	1168	
catches	1983-0-2-2	1841	
catches	1983-0-2-3	2245	
catches	1983-0-2-4	456	
catches	1983-1-0-0	2069	
catches	1983-1-0-1	151	
catches	1983-1-0-2	414	
catches	1983-1-0-3	1125	
catches	1983-1-0-4	2	
catches	1983-1-1-0	0	
catches	1983-1-1-1	5796	
catches	1983-1-1-2	0	
catches	1983-1-1-3	46	
catches	1983-1-1-4	0	
catches	1983-1-2-0	1214	
catches	1983-1-2-1	1141	
catches	1983-1-2-2	2265	
catches	1983-1-2-3	2237	
catches	1983-1-2-4	452	
catches	1983-2-0-0	1220	
catches	1983-2-0-1	55	
catches	1983-2-0-2	179	
catches	1983-2-0-3	1193	
catches	1983-2-0-4	1	
catches	1983-2-1-0	0	
catches	1983-2-1-1	3429	
catches	1983-2-1-2	0	
catches	1983-2-1-3	29	
catches	1983-2-1-4	0	
catches	1983-2-2-0	2216	
catches	1983-2-2-1	1138	
catches	1983-2-2-2	3990	
catches	1983-2-2-3	2129	
catches	1983-2-2-4	452	
catches	1983-3-0-0	4512	
catches	1983-3-0-1	748	
catches	1983-3-0-2	304	
catches	1983-3-0-3	844	
catches	1983-3-0-4	5	
catches	1983-3-1-0	0	
catches	1983-3-1-1	3994	
catches	1983-3-1-2	0	
catches	1983-3-1-3	41	
catches	1983-3-1-4	0	
catches	1983-3-2-0	1888	
catches	1983-3-2-1	1141	
catches	1983-3-2-2	2719	
catches	1983-3-2-3	2086	
catches	1983-3-2-4	453	
catches	1984-0-0-0	4091	
catches	1984-0-0-1	407	
catches	1984-0-0-2	342	
catches	1984-0-0-3	1032	
catches	1984-0-0-4	5	
catches	1984-0-1-0	0	
catches	1984-0-1-1	7921	
catches	1984-0-1-2	0	
catches	1984-0-1-3	167	
catches	1984-0-1-4	0	
catches	1984-0-2-0	2165	
catches	1984-0-2-1	819	
catches	1984-0-2-2	1506	
catches	1984-0-2-3	2223	
catches	1984-0-2-4	444	
catches	1984-1-0-0	5652	
catches	1984-1-0-1	158	
catches	1984-1-0-2	477	
catches	1984-1-0-3	1302	
catches	1984-1-0-4	13	
catches	1984-1-1-0	0	
catches	1984-1-1-1	5775	
catches	1984-1-1-2	0	
catches	1984-1-1-3	102	
catches	1984-1-1-4	0	
catches	1984-1-2-0	1193	
catches	1984-1-2-1	409	
catches	1984-1-2-2	1944	
catches	1984-1-2-3	2215	
catches	1984-1-2-4	435	
catches	1984-2-0-0	11614	
catches	1984-2-0-1	105	
catches	1984-2-0-2	205	
catches	1984-2-0-3	1429	
catches	1984-2-0-4	1	
catches	1984-2-1-0	0	
catches	1984-2-1-1	6634	
catches	1984-2-1-2	0	
catches	1984-2-1-3	31	
catches	1984-2-1-4	0	
catches	1984-2-2-0	2326	
catches	1984-2-2-1	323	
catches	1984-2-2-2	3725	
catches	1984-2-2-3	2103	
catches	1984-2-2-4	437	
catches	1984-3-0-0	18903	
catches	1984-3-0-1	1219	
catches	1984-3-0-2	342	
catches	1984-3-0-3	955	
catches	1984-3-0-4	1	
catches	1984-3-1-0	0	
catches	1984-3-1-1	11998	
catches	1984-3-1-2	0	
catches	1984-3-1-3	40	
catches	1984-3-1-4	0	
catches	1984-3-2-0	1873	
catches	1984-3-2-1	2132	
catches	1984-3-2-2	2413	
catches	1984-3-2-3	2059	
catches	1984-3-2-4	437	
catches	1985-0-0-0	8346	
catches	1985-0-0-1	637	
catches	1985-0-0-2	552	
catches	1985-0-0-3	1067	
catches	1985-0-0-4	1	
catches	1985-0-1-0	0	
catches	1985-0-1-1	11912	
catches	1985-0-1-2	0	
catches	1985-0-1-3	117	
catches	1985-0-1-4	0	
catches	1985-0-2-0	2348	
catches	1985-0-2-1	1386	
catches	1985-0-2-2	1873	
catches	1985-0-2-3	2327	
catches	1985-0-2-4	458	
catches	1985-1-0-0	9391	
catches	1985-1-0-1	372	
catches	1985-1-0-2	736	
catches	1985-1-0-3	1315	
catches	1985-1-0-4	6	
catches	1985-1-1-0	0	
catches	1985-1-1-1	9001	
catches	1985-1-1-2	0	
catches	1985-1-1-3	37	
catches	1985-1-1-4	0	
catches	1985-1-2-0	1293	
catches	1985-1-2-1	874	
catches	1985-1-2-2	2248	
catches	1985-1-2-3	2319	
catches	1985-1-2-4	466	
catches	1985-2-0-0	17654	
catches	1985-2-0-1	0	
catches	1985-2-0-2	317	
catches	1985-2-0-3	1436	
catches	1985-2-0-4	3	
catches	1985-2-1-0	0	
catches	1985-2-1-1	7587	
catches	1985-2-1-2	0	
catches	1985-2-1-3	78	
catches	1985-2-1-4	0	
catches	1985-2-2-0	2342	
catches	1985-2-2-1	159	
catches	1985-2-2-2	3802	
catches	1985-2-2-3	2203	
catches	1985-2-2-4	476	
catches	1985-3-0-0	24072	
catches	1985-3-0-1	736	
catches	1985-3-0-2	541	
catches	1985-3-0-3	998	
catches	1985-3-0-4	8	
catches	1985-3-1-0	0	
catches	1985-3-1-1	13670	
catches	1985-3-1-2	0	
catches	1985-3-1-3	48	
catches	1985-3-1-4	0	
catches	1985-3-2-0	1957	
catches	1985-3-2-1	1572	
catches	1985-3-2-2	2285	
catches	1985-3-2-3	2156	
catches	1985-3-2-4	461	
catches	1986-0-0-0	10804	
catches	1986-0-0-1	800	
catches	1986-0-0-2	418	
catches	1986-0-0-3	1185	
catches	1986-0-0-4	8	
catches	1986-0-1-0	0	
catches	1986-0-1-1	11852	
catches	1986-0-1-2	0	
catches	1986-0-1-3	47	
catches	1986-0-1-4	0	
catches	1986-0-2-0	211	
catches	1986-0-2-1	980	
catches	1986-0-2-2	2132	
catches	1986-0-2-3	2523	
catches	1986-0-2-4	460	
catches	1986-1-0-0	20886	
catches	1986-1-0-1	217	
catches	1986-1-0-2	561	
catches	1986-1-0-3	1437	
catches	1986-1-0-4	22	
catches	1986-1-1-0	0	
catches	1986-1-1-1	8092	
catches	1986-1-1-2	0	
catches	1986-1-1-3	19	
catches	1986-1-1-4	0	
catches	1986-1-2-0	1750	
catches	1986-1-2-1	939	
catches	1986-1-2-2	2997	
catches	1986-1-2-3	2514	
catches	1986-1-2-4	456	
catches	1986-2-0-0	18300	
catches	1986-2-0-1	77	
catches	1986-2-0-2	244	
catches	1986-2-0-3	1733	
catches	1986-2-0-4	3	
catches	1986-2-1-0	0	
catches	1986-2-1-1	9738	
catches	1986-2-1-2	0	
catches	1986-2-1-3	281	
catches	1986-2-1-4	0	
catches	1986-2-2-0	3407	
catches	1986-2-2-1	936	
catches	1986-2-2-2	3817	
catches	1986-2-2-3	2396	
catches	1986-2-2-4	455	
catches	1986-3-0-0	18784	
catches	1986-3-0-1	1083	
catches	1986-3-0-2	412	
catches	1986-3-0-3	1139	
catches	1986-3-0-4	3	
catches	1986-3-1-0	0	
catches	1986-3-1-1	15402	
catches	1986-3-1-2	0	
catches	1986-3-1-3	42	
catches	1986-3-1-4	0	
catches	1986-3-2-0	2676	
catches	1986-3-2-1	940	
catches	1986-3-2-2	1977	
catches	1986-3-2-3	2349	
catches	1986-3-2-4	455	
catches	1987-0-0-0	11592	
catches	1987-0-0-1	1009	
catches	1987-0-0-2	985	
catches	1987-0-0-3	1499	
catches	1987-0-0-4	3	
catches	1987-0-1-0	0	
catches	1987-0-1-1	13414	
catches	1987-0-1-2	0	
catches	1987-0-1-3	108	
catches	1987-0-1-4	0	
catches	1987-0-2-0	2638	
catches	1987-0-2-1	1423	
catches	1987-0-2-2	1916	
catches	1987-0-2-3	2575	
catches	1987-0-2-4	478	
catches	1987-1-0-0	19164	
catches	1987-1-0-1	712	
catches	1987-1-0-2	1329	
catches	1987-1-0-3	1503	
catches	1987-1-0-4	2	
catches	1987-1-1-0	0	
catches	1987-1-1-1	11562	
catches	1987-1-1-2	0	
catches	1987-1-1-3	37	
catches	1987-1-1-4	0	
catches	1987-1-2-0	1931	
catches	1987-1-2-1	956	
catches	1987-1-2-2	2287	
catches	1987-1-2-3	2566	
catches	1987-1-2-4	470	
catches	1987-2-0-0	26366	
catches	1987-2-0-1	10	
catches	1987-2-0-2	556	
catches	1987-2-0-3	2113	
catches	1987-2-0-4	2	
catches	1987-2-1-0	0	
catches	1987-2-1-1	8900	
catches	1987-2-1-2	0	
catches	1987-2-1-3	63	
catches	1987-2-1-4	0	
catches	1987-2-2-0	2353	
catches	1987-2-2-1	168	
catches	1987-2-2-2	3340	
catches	1987-2-2-3	2446	
catches	1987-2-2-4	470	
catches	1987-3-0-0	26712	
catches	1987-3-0-1	1202	
catches	1987-3-0-2	967	
catches	1987-3-0-3	1385	
catches	1987-3-0-4	5	
catches	1987-3-1-0	0	
catches	1987-3-1-1	8739	
catches	1987-3-1-2	0	
catches	1987-3-1-3	87	
catches	1987-3-1-4	0	
catches	1987-3-2-0	2070	
catches	1987-3-2-1	1500	
catches	1987-3-2-2	3982	
catches	1987-3-2-3	2398	
catches	1987-3-2-4	473	
catches	1988-0-0-0	9654	
catches	1988-0-0-1	2016	
catches	1988-0-0-2	2055	
catches	1988-0-0-3	1503	
catches	1988-0-0-4	11	
catches	1988-0-1-0	0	
catches	1988-0-1-1	18356	
catches	1988-0-1-2	0	
catches	1988-0-1-3	81	
catches	1988-0-1-4	0	
catches	1988-0-2-0	2729	
catches	1988-0-2-1	2858	
catches	1988-0-2-2	2081	
catches	1988-0-2-3	2613	
catches	1988-0-2-4	578	
catches	1988-1-0-0	14974	
catches	1988-1-0-1	195	
catches	1988-1-0-2	1717	
catches	1988-1-0-3	1507	
catches	1988-1-0-4	9	
catches	1988-1-1-0	0	
catches	1988-1-1-1	8886	
catches	1988-1-1-2	0	
catches	1988-1-1-3	74	
catches	1988-1-1-4	0	
catches	1988-1-2-0	1515	
catches	1988-1-2-1	449	
catches	1988-1-2-2	2886	
catches	1988-1-2-3	3181	
catches	1988-1-2-4	553	
catches	1988-2-0-0	32157	
catches	1988-2-0-1	3	
catches	1988-2-0-2	1043	
catches	1988-2-0-3	2044	
catches	1988-2-0-4	11	
catches	1988-2-1-0	0	
catches	1988-2-1-1	10913	
catches	1988-2-1-2	0	
catches	1988-2-1-3	51	
catches	1988-2-1-4	0	
catches	1988-2-2-0	2843	
catches	1988-2-2-1	196	
catches	1988-2-2-2	4714	
catches	1988-2-2-3	3186	
catches	1988-2-2-4	550	
catches	1988-3-0-0	37964	
catches	1988-3-0-1	366	
catches	1988-3-0-2	904	
catches	1988-3-0-3	1403	
catches	1988-3-0-4	11	
catches	1988-3-1-0	0	
catches	1988-3-1-1	20062	
catches	1988-3-1-2	0	
catches	1988-3-1-3	119	
catches	1988-3-1-4	4	
catches	1988-3-2-0	2364	
catches	1988-3-2-1	673	
catches	1988-3-2-2	3202	
catches	1988-3-2-3	2990	
catches	1988-3-2-4	550	
catches	1989-0-0-0	35463	
catches	1989-0-0-1	1106	
catches	1989-0-0-2	2626	
catches	1989-0-0-3	1635	
catches	1989-0-0-4	5	
catches	1989-0-1-0	0	
catches	1989-0-1-1	16189	
catches	1989-0-1-2	0	
catches	1989-0-1-3	108	
catches	1989-0-1-4	0	
catches	1989-0-2-0	5590	
catches	1989-0-2-1	1449	
catches	1989-0-2-2	6603	
catches	1989-0-2-3	4120	
catches	1989-0-2-4	615	
catches	1989-1-0-0	27480	
catches	1989-1-0-1	173	
catches	1989-1-0-2	2834	
catches	1989-1-0-3	1643	
catches	1989-1-0-4	22	
catches	1989-1-1-0	0	
catches	1989-1-1-1	12925	
catches	1989-1-1-2	0	
catches	1989-1-1-3	75	
catches	1989-1-1-4	0	
catches	1989-1-2-0	1324	
catches	1989-1-2-1	404	
catches	1989-1-2-2	1319	
catches	1989-1-2-3	3522	
catches	1989-1-2-4	607	
catches	1989-2-0-0	34900	
catches	1989-2-0-1	130	
catches	1989-2-0-2	998	
catches	1989-2-0-3	2275	
catches	1989-2-0-4	4	
catches	1989-2-1-0	0	
catches	1989-2-1-1	12720	
catches	1989-2-1-2	0	
catches	1989-2-1-3	30	
catches	1989-2-1-4	0	
catches	1989-2-2-0	1703	
catches	1989-2-2-1	356	
catches	1989-2-2-2	4541	
catches	1989-2-2-3	2850	
catches	1989-2-2-4	607	
catches	1989-3-0-0	31641	
catches	1989-3-0-1	1657	
catches	1989-3-0-2	1926	
catches	1989-3-0-3	1524	
catches	1989-3-0-4	18	
catches	1989-3-1-0	0	
catches	1989-3-1-1	15976	
catches	1989-3-1-2	0	
catches	1989-3-1-3	122	
catches	1989-3-1-4	0	
catches	1989-3-2-0	1544	
catches	1989-3-2-1	2063	
catches	1989-3-2-2	2441	
catches	1989-3-2-3	2961	
catches	1989-3-2-4	654	
recruits_deviation	1990	0	
catches	1990-0-0-0	27275	
catches	1990-0-0-1	2952	
catches	1990-0-0-2	2269	
catches	1990-0-0-3	1622	
catches	1990-0-0-4	62	
catches	1990-0-1-0	0	
catches	1990-0-1-1	14361	
catches	1990-0-1-2	0	
catches	1990-0-1-3	53	
catches	1990-0-1-4	0	
catches	1990-0-2-0	2494	
catches	1990-0-2-1	4062	
catches	1990-0-2-2	3006	
catches	1990-0-2-3	2764	
catches	1990-0-2-4	557	
catches	1990-1-0-0	24980	
catches	1990-1-0-1	0	
catches	1990-1-0-2	3846	
catches	1990-1-0-3	1631	
catches	1990-1-0-4	14	
catches	1990-1-1-0	0	
catches	1990-1-1-1	10876	
catches	1990-1-1-2	0	
catches	1990-1-1-3	132	
catches	1990-1-1-4	0	
catches	1990-1-2-0	1595	
catches	1990-1-2-1	167	
catches	1990-1-2-2	3394	
catches	1990-1-2-3	2844	
catches	1990-1-2-4	535	
catches	1990-2-0-0	29444	
catches	1990-2-0-1	0	
catches	1990-2-0-2	776	
catches	1990-2-0-3	2240	
catches	1990-2-0-4	5	
catches	1990-2-1-0	0	
catches	1990-2-1-1	13929	
catches	1990-2-1-2	0	
catches	1990-2-1-3	399	
catches	1990-2-1-4	0	
catches	1990-2-2-0	2414	
catches	1990-2-2-1	164	
catches	1990-2-2-2	5301	
catches	1990-2-2-3	2613	
catches	1990-2-2-4	537	
catches	1990-3-0-0	24803	
catches	1990-3-0-1	0	
catches	1990-3-0-2	2105	
catches	1990-3-0-3	1512	
catches	1990-3-0-4	9	
catches	1990-3-1-0	0	
catches	1990-3-1-1	21545	
catches	1990-3-1-2	0	
catches	1990-3-1-3	130	
catches	1990-3-1-4	0	
catches	1990-3-2-0	1990	
catches	1990-3-2-1	168	
catches	1990-3-2-2	3895	
catches	1990-3-2-3	2556	
catches	1990-3-2-4	534	
recruits_deviation	1991	0	
catches	1991-0-0-0	13758	
catches	1991-0-0-1	2376	
catches	1991-0-0-2	1158	
catches	1991-0-0-3	1680	
catches	1991-0-0-4	3	
catches	1991-0-1-0	0	
catches	1991-0-1-1	11275	
catches	1991-0-1-2	0	
catches	1991-0-1-3	70	
catches	1991-0-1-4	0	
catches	1991-0-2-0	2966	
catches	1991-0-2-1	1267	
catches	1991-0-2-2	3406	
catches	1991-0-2-3	3214	
catches	1991-0-2-4	631	
catches	1991-1-0-0	25648	
catches	1991-1-0-1	221	
catches	1991-1-0-2	2442	
catches	1991-1-0-3	1688	
catches	1991-1-0-4	10	
catches	1991-1-1-0	0	
catches	1991-1-1-1	14220	
catches	1991-1-1-2	0	
catches	1991-1-1-3	230	
catches	1991-1-1-4	0	
catches	1991-1-2-0	1926	
catches	1991-1-2-1	1267	
catches	1991-1-2-2	3959	
catches	1991-1-2-3	3253	
catches	1991-1-2-4	625	
catches	1991-2-0-0	34745	
catches	1991-2-0-1	21	
catches	1991-2-0-2	2255	
catches	1991-2-0-3	2354	
catches	1991-2-0-4	2	
catches	1991-2-1-0	0	
catches	1991-2-1-1	16070	
catches	1991-2-1-2	0	
catches	1991-2-1-3	60	
catches	1991-2-1-4	0	
catches	1991-2-2-0	2844	
catches	1991-2-2-1	1267	
catches	1991-2-2-2	6208	
catches	1991-2-2-3	3059	
catches	1991-2-2-4	627	
catches	1991-3-0-0	47822	
catches	1991-3-0-1	598	
catches	1991-3-0-2	3010	
catches	1991-3-0-3	1558	
catches	1991-3-0-4	12	
catches	1991-3-1-0	0	
catches	1991-3-1-1	16760	
catches	1991-3-1-2	0	
catches	1991-3-1-3	206	
catches	1991-3-1-4	6	
catches	1991-3-2-0	2404	
catches	1991-3-2-1	1267	
catches	1991-3-2-2	4551	
catches	1991-3-2-3	2985	
catches	1991-3-2-4	633	
recruits_deviation	1992	0	
catches	1992-0-0-0	34323	
catches	1992-0-0-1	2747	
catches	1992-0-0-2	2722	
catches	1992-0-0-3	1731	
catches	1992-0-0-4	8	
catches	1992-0-1-0	0	
catches	1992-0-1-1	13285	
catches	1992-0-1-2	0	
catches	1992-0-1-3	181	
catches	1992-0-1-4	3	
catches	1992-0-2-0	2678	
catches	1992-0-2-1	1376	
catches	1992-0-2-2	4131	
catches	1992-0-2-3	3693	
catches	1992-0-2-4	662	
catches	1992-1-0-0	40543	
catches	1992-1-0-1	255	
catches	1992-1-0-2	3351	
catches	1992-1-0-3	1740	
catches	1992-1-0-4	2	
catches	1992-1-1-0	0	
catches	1992-1-1-1	17499	
catches	1992-1-1-2	0	
catches	1992-1-1-3	177	
catches	1992-1-1-4	0	
catches	1992-1-2-0	1438	
catches	1992-1-2-1	1360	
catches	1992-1-2-2	4635	
catches	1992-1-2-3	6965	
catches	1992-1-2-4	652	
catches	1992-2-0-0	36141	
catches	1992-2-0-1	24	
catches	1992-2-0-2	2016	
catches	1992-2-0-3	2508	
catches	1992-2-0-4	6	
catches	1992-2-1-0	0	
catches	1992-2-1-1	9579	
catches	1992-2-1-2	0	
catches	1992-2-1-3	118	
catches	1992-2-1-4	1	
catches	1992-2-2-0	2593	
catches	1992-2-2-1	1360	
catches	1992-2-2-2	6684	
catches	1992-2-2-3	4068	
catches	1992-2-2-4	629	
catches	1992-3-0-0	39878	
catches	1992-3-0-1	691	
catches	1992-3-0-2	2711	
catches	1992-3-0-3	1589	
catches	1992-3-0-4	18	
catches	1992-3-1-0	0	
catches	1992-3-1-1	17247	
catches	1992-3-1-2	0	
catches	1992-3-1-3	480	
catches	1992-3-1-4	7	
catches	1992-3-2-0	2235	
catches	1992-3-2-1	1360	
catches	1992-3-2-2	5174	
catches	1992-3-2-3	2834	
catches	1992-3-2-4	628	
recruits_deviation	1993	0	
catches	1993-0-0-0	30858	
catches	1993-0-0-1	2897	
catches	1993-0-0-2	2969	
catches	1993-0-0-3	1744	
catches	1993-0-0-4	18	
catches	1993-0-1-0	0	
catches	1993-0-1-1	14746	
catches	1993-0-1-2	0	
catches	1993-0-1-3	158	
catches	1993-0-1-4	0	
catches	1993-0-2-0	3690	
catches	1993-0-2-1	1558	
catches	1993-0-2-2	5050	
catches	1993-0-2-3	4712	
catches	1993-0-2-4	882	
catches	1993-1-0-0	46103	
catches	1993-1-0-1	269	
catches	1993-1-0-2	3741	
catches	1993-1-0-3	1753	
catches	1993-1-0-4	11	
catches	1993-1-1-0	0	
catches	1993-1-1-1	14284	
catches	1993-1-1-2	0	
catches	1993-1-1-3	250	
catches	1993-1-1-4	0	
catches	1993-1-2-0	1999	
catches	1993-1-2-1	1558	
catches	1993-1-2-2	5798	
catches	1993-1-2-3	6542	
catches	1993-1-2-4	933	
catches	1993-2-0-0	45189	
catches	1993-2-0-1	25	
catches	1993-2-0-2	2175	
catches	1993-2-0-3	2561	
catches	1993-2-0-4	26	
catches	1993-2-1-0	0	
catches	1993-2-1-1	14120	
catches	1993-2-1-2	0	
catches	1993-2-1-3	187	
catches	1993-2-1-4	3	
catches	1993-2-2-0	3967	
catches	1993-2-2-1	1558	
catches	1993-2-2-2	8838	
catches	1993-2-2-3	4416	
catches	1993-2-2-4	880	
catches	1993-3-0-0	39575	
catches	1993-3-0-1	729	
catches	1993-3-0-2	2972	
catches	1993-3-0-3	1591	
catches	1993-3-0-4	27	
catches	1993-3-1-0	0	
catches	1993-3-1-1	14827	
catches	1993-3-1-2	0	
catches	1993-3-1-3	164	
catches	1993-3-1-4	0	
catches	1993-3-2-0	5167	
catches	1993-3-2-1	1558	
catches	1993-3-2-2	6598	
catches	1993-3-2-3	3993	
catches	1993-3-2-4	860	
recruits_deviation	1994	0	
catches	1994-0-0-0	23248	
catches	1994-0-0-1	2891	
catches	1994-0-0-2	4030	
catches	1994-0-0-3	1720	
catches	1994-0-0-4	5	
catches	1994-0-1-0	0	
catches	1994-0-1-1	18476	
catches	1994-0-1-2	0	
catches	1994-0-1-3	216	
catches	1994-0-1-4	3	
catches	1994-0-2-0	6770	
catches	1994-0-2-1	1713	
catches	1994-0-2-2	6422	
catches	1994-0-2-3	4684	
catches	1994-0-2-4	991	
catches	1994-1-0-0	39818	
catches	1994-1-0-1	268	
catches	1994-1-0-2	4774	
catches	1994-1-0-3	1732	
catches	1994-1-0-4	27	
catches	1994-1-1-0	0	
catches	1994-1-1-1	16602	
catches	1994-1-1-2	0	
catches	1994-1-1-3	47	
catches	1994-1-1-4	0	
catches	1994-1-2-0	6383	
catches	1994-1-2-1	1699	
catches	1994-1-2-2	7244	
catches	1994-1-2-3	4714	
catches	1994-1-2-4	973	
catches	1994-2-0-0	49756	
catches	1994-2-0-1	25	
catches	1994-2-0-2	3084	
catches	1994-2-0-3	2539	
catches	1994-2-0-4	18	
catches	1994-2-1-0	0	
catches	1994-2-1-1	18571	
catches	1994-2-1-2	0	
catches	1994-2-1-3	26	
catches	1994-2-1-4	0	
catches	1994-2-2-0	6075	
catches	1994-2-2-1	1681	
catches	1994-2-2-2	10584	
catches	1994-2-2-3	4442	
catches	1994-2-2-4	966	
catches	1994-3-0-0	51942	
catches	1994-3-0-1	728	
catches	1994-3-0-2	4124	
catches	1994-3-0-3	1571	
catches	1994-3-0-4	19	
catches	1994-3-1-0	0	
catches	1994-3-1-1	15304	
catches	1994-3-1-2	0	
catches	1994-3-1-3	166	
catches	1994-3-1-4	0	
catches	1994-3-2-0	9034	
catches	1994-3-2-1	1681	
catches	1994-3-2-2	8123	
catches	1994-3-2-3	4349	
catches	1994-3-2-4	995	
recruits_deviation	1995	0	
catches	1995-0-0-0	38812	
catches	1995-0-0-1	3223	
catches	1995-0-0-2	2225	
catches	1995-0-0-3	1823	
catches	1995-0-0-4	14	
catches	1995-0-1-0	0	
catches	1995-0-1-1	19719	
catches	1995-0-1-2	0	
catches	1995-0-1-3	91	
catches	1995-0-1-4	0	
catches	1995-0-2-0	8873	
catches	1995-0-2-1	2340	
catches	1995-0-2-2	5667	
catches	1995-0-2-3	4855	
catches	1995-0-2-4	966	
catches	1995-1-0-0	38129	
catches	1995-1-0-1	299	
catches	1995-1-0-2	3016	
catches	1995-1-0-3	1832	
catches	1995-1-0-4	17	
catches	1995-1-1-0	0	
catches	1995-1-1-1	14758	
catches	1995-1-1-2	0	
catches	1995-1-1-3	143	
catches	1995-1-1-4	0	
catches	1995-1-2-0	6851	
catches	1995-1-2-1	1973	
catches	1995-1-2-2	6505	
catches	1995-1-2-3	4844	
catches	1995-1-2-4	972	
catches	1995-2-0-0	44195	
catches	1995-2-0-1	28	
catches	1995-2-0-2	1509	
catches	1995-2-0-3	2735	
catches	1995-2-0-4	21	
catches	1995-2-1-0	0	
catches	1995-2-1-1	12169	
catches	1995-2-1-2	0	
catches	1995-2-1-3	120	
catches	1995-2-1-4	0	
catches	1995-2-2-0	6167	
catches	1995-2-2-1	1943	
catches	1995-2-2-2	9910	
catches	1995-2-2-3	4617	
catches	1995-2-2-4	986	
catches	1995-3-0-0	42262	
catches	1995-3-0-1	811	
catches	1995-3-0-2	2329	
catches	1995-3-0-3	1658	
catches	1995-3-0-4	17	
catches	1995-3-1-0	0	
catches	1995-3-1-1	23252	
catches	1995-3-1-2	0	
catches	1995-3-1-3	122	
catches	1995-3-1-4	0	
catches	1995-3-2-0	7767	
catches	1995-3-2-1	1981	
catches	1995-3-2-2	7401	
catches	1995-3-2-3	4524	
catches	1995-3-2-4	1006	
recruits_deviation	1996	0	
catches	1996-0-0-0	29389	
catches	1996-0-0-1	3241	
catches	1996-0-0-2	1763	
catches	1996-0-0-3	1844	
catches	1996-0-0-4	12	
catches	1996-0-1-0	0	
catches	1996-0-1-1	19079	
catches	1996-0-1-2	0	
catches	1996-0-1-3	101	
catches	1996-0-1-4	0	
catches	1996-0-2-0	6780	
catches	1996-0-2-1	2221	
catches	1996-0-2-2	6988	
catches	1996-0-2-3	5520	
catches	1996-0-2-4	1122	
catches	1996-1-0-0	31540	
catches	1996-1-0-1	301	
catches	1996-1-0-2	2241	
catches	1996-1-0-3	1856	
catches	1996-1-0-4	33	
catches	1996-1-1-0	0	
catches	1996-1-1-1	17640	
catches	1996-1-1-2	0	
catches	1996-1-1-3	90	
catches	1996-1-1-4	0	
catches	1996-1-2-0	4443	
catches	1996-1-2-1	2011	
catches	1996-1-2-2	7953	
catches	1996-1-2-3	5501	
catches	1996-1-2-4	1136	
catches	1996-2-0-0	33367	
catches	1996-2-0-1	28	
catches	1996-2-0-2	1349	
catches	1996-2-0-3	2763	
catches	1996-2-0-4	9	
catches	1996-2-1-0	0	
catches	1996-2-1-1	13947	
catches	1996-2-1-2	0	
catches	1996-2-1-3	61	
catches	1996-2-1-4	0	
catches	1996-2-2-0	5858	
catches	1996-2-2-1	2011	
catches	1996-2-2-2	11878	
catches	1996-2-2-3	5242	
catches	1996-2-2-4	1116	
catches	1996-3-0-0	47541	
catches	1996-3-0-1	816	
catches	1996-3-0-2	1738	
catches	1996-3-0-3	1680	
catches	1996-3-0-4	9	
catches	1996-3-1-0	0	
catches	1996-3-1-1	15508	
catches	1996-3-1-2	0	
catches	1996-3-1-3	73	
catches	1996-3-1-4	2	
catches	1996-3-2-0	6532	
catches	1996-3-2-1	2011	
catches	1996-3-2-2	8986	
catches	1996-3-2-3	5139	
catches	1996-3-2-4	1120	
recruits_deviation	1997	0	
catches	1997-0-0-0	31095	
catches	1997-0-0-1	3042	
catches	1997-0-0-2	3369	
catches	1997-0-0-3	1827	
catches	1997-0-0-4	10	
catches	1997-0-1-0	0	
catches	1997-0-1-1	17823	
catches	1997-0-1-2	0	
catches	1997-0-1-3	119	
catches	1997-0-1-4	0	
catches	1997-0-2-0	6206	
catches	1997-0-2-1	351	
catches	1997-0-2-2	9322	
catches	1997-0-2-3	5834	
catches	1997-0-2-4	1268	
catches	1997-1-0-0	25900	
catches	1997-1-0-1	282	
catches	1997-1-0-2	4159	
catches	1997-1-0-3	1839	
catches	1997-1-0-4	15	
catches	1997-1-1-0	0	
catches	1997-1-1-1	15834	
catches	1997-1-1-2	0	
catches	1997-1-1-3	557	
catches	1997-1-1-4	0	
catches	1997-1-2-0	5290	
catches	1997-1-2-1	351	
catches	1997-1-2-2	10327	
catches	1997-1-2-3	5816	
catches	1997-1-2-4	1282	
catches	1997-2-0-0	34135	
catches	1997-2-0-1	26	
catches	1997-2-0-2	2734	
catches	1997-2-0-3	2687	
catches	1997-2-0-4	20	
catches	1997-2-1-0	0	
catches	1997-2-1-1	17542	
catches	1997-2-1-2	0	
catches	1997-2-1-3	108	
catches	1997-2-1-4	0	
catches	1997-2-2-0	5704	
catches	1997-2-2-1	351	
catches	1997-2-2-2	14415	
catches	1997-2-2-3	5546	
catches	1997-2-2-4	1278	
catches	1997-3-0-0	48300	
catches	1997-3-0-1	766	
catches	1997-3-0-2	3285	
catches	1997-3-0-3	1670	
catches	1997-3-0-4	11	
catches	1997-3-1-0	0	
catches	1997-3-1-1	16891	
catches	1997-3-1-2	0	
catches	1997-3-1-3	141	
catches	1997-3-1-4	0	
catches	1997-3-2-0	6583	
catches	1997-3-2-1	351	
catches	1997-3-2-2	11403	
catches	1997-3-2-3	5438	
catches	1997-3-2-4	1255	
recruits_deviation	1998	0	
catches	1998-0-0-0	29824	
catches	1998-0-0-1	4078	
catches	1998-0-0-2	2362	
catches	1998-0-0-3	2135	
catches	1998-0-0-4	45	
catches	1998-0-1-0	0	
catches	1998-0-1-1	20458	
catches	1998-0-1-2	0	
catches	1998-0-1-3	112	
catches	1998-0-1-4	0	
catches	1998-0-2-0	19710	
catches	1998-0-2-1	1977	
catches	1998-0-2-2	8958	
catches	1998-0-2-3	4723	
catches	1998-0-2-4	1542	
catches	1998-1-0-0	27771	
catches	1998-1-0-1	379	
catches	1998-1-0-2	2910	
catches	1998-1-0-3	2146	
catches	1998-1-0-4	32	
catches	1998-1-1-0	0	
catches	1998-1-1-1	14871	
catches	1998-1-1-2	0	
catches	1998-1-1-3	144	
catches	1998-1-1-4	2	
catches	1998-1-2-0	5570	
catches	1998-1-2-1	380	
catches	1998-1-2-2	9711	
catches	1998-1-2-3	4709	
catches	1998-1-2-4	1535	
catches	1998-2-0-0	34455	
catches	1998-2-0-1	35	
catches	1998-2-0-2	1827	
catches	1998-2-0-3	3289	
catches	1998-2-0-4	9	
catches	1998-2-1-0	0	
catches	1998-2-1-1	15409	
catches	1998-2-1-2	0	
catches	1998-2-1-3	210	
catches	1998-2-1-4	1	
catches	1998-2-2-0	5686	
catches	1998-2-2-1	380	
catches	1998-2-2-2	12774	
catches	1998-2-2-3	4526	
catches	1998-2-2-4	1544	
catches	1998-3-0-0	36648	
catches	1998-3-0-1	1027	
catches	1998-3-0-2	2318	
catches	1998-3-0-3	1924	
catches	1998-3-0-4	5	
catches	1998-3-1-0	0	
catches	1998-3-1-1	27050	
catches	1998-3-1-2	0	
catches	1998-3-1-3	152	
catches	1998-3-1-4	0	
catches	1998-3-2-0	8058	
catches	1998-3-2-1	709	
catches	1998-3-2-2	10517	
catches	1998-3-2-3	4453	
catches	1998-3-2-4	1511	
recruits_deviation	1999	0	
catches	1999-0-0-0	37396	
catches	1999-0-0-1	3833	
catches	1999-0-0-2	4676	
catches	1999-0-0-3	1870	
catches	1999-0-0-4	24	
catches	1999-0-1-0	0	
catches	1999-0-1-1	22121	
catches	1999-0-1-2	0	
catches	1999-0-1-3	219	
catches	1999-0-1-4	0	
catches	1999-0-2-0	9143	
catches	1999-0-2-1	1055	
catches	1999-0-2-2	12152	
catches	1999-0-2-3	4882	
catches	1999-0-2-4	1724	
catches	1999-1-0-0	36889	
catches	1999-1-0-1	356	
catches	1999-1-0-2	5454	
catches	1999-1-0-3	1884	
catches	1999-1-0-4	21	
catches	1999-1-1-0	0	
catches	1999-1-1-1	24847	
catches	1999-1-1-2	0	
catches	1999-1-1-3	100	
catches	1999-1-1-4	0	
catches	1999-1-2-0	7110	
catches	1999-1-2-1	396	
catches	1999-1-2-2	12937	
catches	1999-1-2-3	4868	
catches	1999-1-2-4	1752	
catches	1999-2-0-0	58104	
catches	1999-2-0-1	33	
catches	1999-2-0-2	4150	
catches	1999-2-0-3	2809	
catches	1999-2-0-4	18	
catches	1999-2-1-0	0	
catches	1999-2-1-1	24306	
catches	1999-2-1-2	0	
catches	1999-2-1-3	133	
catches	1999-2-1-4	0	
catches	1999-2-2-0	5736	
catches	1999-2-2-1	396	
catches	1999-2-2-2	16128	
catches	1999-2-2-3	4678	
catches	1999-2-2-4	1719	
catches	1999-3-0-0	55422	
catches	1999-3-0-1	965	
catches	1999-3-0-2	4648	
catches	1999-3-0-3	1701	
catches	1999-3-0-4	21	
catches	1999-3-1-0	0	
catches	1999-3-1-1	21024	
catches	1999-3-1-2	0	
catches	1999-3-1-3	139	
catches	1999-3-1-4	0	
catches	1999-3-2-0	6199	
catches	1999-3-2-1	396	
catches	1999-3-2-2	13777	
catches	1999-3-2-3	4602	
catches	1999-3-2-4	1654	
recruits_deviation	2000	0	
catches	2000-0-0-0	33239	
catches	2000-0-0-1	3610	
catches	2000-0-0-2	5812	
catches	2000-0-0-3	1765	
catches	2000-0-0-4	15	
catches	2000-0-1-0	0	
catches	2000-0-1-1	23521	
catches	2000-0-1-2	0	
catches	2000-0-1-3	463	
catches	2000-0-1-4	0	
catches	2000-0-2-0	7200	
catches	2000-0-2-1	361	
catches	2000-0-2-2	13204	
catches	2000-0-2-3	4979	
catches	2000-0-2-4	1883	
catches	2000-1-0-0	43610	
catches	2000-1-0-1	335	
catches	2000-1-0-2	6274	
catches	2000-1-0-3	1650	
catches	2000-1-0-4	18	
catches	2000-1-1-0	0	
catches	2000-1-1-1	18155	
catches	2000-1-1-2	0	
catches	2000-1-1-3	209	
catches	2000-1-1-4	0	
catches	2000-1-2-0	5484	
catches	2000-1-2-1	361	
catches	2000-1-2-2	13764	
catches	2000-1-2-3	4975	
catches	2000-1-2-4	1884	
catches	2000-2-0-0	53097	
catches	2000-2-0-1	31	
catches	2000-2-0-2	5303	
catches	2000-2-0-3	2790	
catches	2000-2-0-4	19	
catches	2000-2-1-0	0	
catches	2000-2-1-1	19305	
catches	2000-2-1-2	0	
catches	2000-2-1-3	155	
catches	2000-2-1-4	0	
catches	2000-2-2-0	5253	
catches	2000-2-2-1	361	
catches	2000-2-2-2	16038	
catches	2000-2-2-3	4866	
catches	2000-2-2-4	1884	
catches	2000-3-0-0	63579	
catches	2000-3-0-1	909	
catches	2000-3-0-2	5946	
catches	2000-3-0-3	1720	
catches	2000-3-0-4	12	
catches	2000-3-1-0	0	
catches	2000-3-1-1	17791	
catches	2000-3-1-2	0	
catches	2000-3-1-3	75	
catches	2000-3-1-4	5	
catches	2000-3-2-0	5638	
catches	2000-3-2-1	361	
catches	2000-3-2-2	14362	
catches	2000-3-2-3	4824	
catches	2000-3-2-4	1884	
recruits_deviation	2001	0	
catches	2001-0-0-0	30984	
catches	2001-0-0-1	3922	
catches	2001-0-0-2	6717	
catches	2001-0-0-3	1890	
catches	2001-0-0-4	6	
catches	2001-0-1-0	0	
catches	2001-0-1-1	22189	
catches	2001-0-1-2	0	
catches	2001-0-1-3	91	
catches	2001-0-1-4	0	
catches	2001-0-2-0	6150	
catches	2001-0-2-1	352	
catches	2001-0-2-2	12006	
catches	2001-0-2-3	4761	
catches	2001-0-2-4	1782	
catches	2001-1-0-0	26146	
catches	2001-1-0-1	268	
catches	2001-1-0-2	7004	
catches	2001-1-0-3	1708	
catches	2001-1-0-4	5	
catches	2001-1-1-0	0	
catches	2001-1-1-1	17097	
catches	2001-1-1-2	0	
catches	2001-1-1-3	94	
catches	2001-1-1-4	0	
catches	2001-1-2-0	4048	
catches	2001-1-2-1	352	
catches	2001-1-2-2	12566	
catches	2001-1-2-3	4751	
catches	2001-1-2-4	1772	
catches	2001-2-0-0	64690	
catches	2001-2-0-1	36	
catches	2001-2-0-2	6314	
catches	2001-2-0-3	2651	
catches	2001-2-0-4	6	
catches	2001-2-1-0	0	
catches	2001-2-1-1	20338	
catches	2001-2-1-2	0	
catches	2001-2-1-3	915	
catches	2001-2-1-4	6	
catches	2001-2-2-0	5112	
catches	2001-2-2-1	352	
catches	2001-2-2-2	14840	
catches	2001-2-2-3	4652	
catches	2001-2-2-4	1885	
catches	2001-3-0-0	58407	
catches	2001-3-0-1	811	
catches	2001-3-0-2	7530	
catches	2001-3-0-3	1778	
catches	2001-3-0-4	8	
catches	2001-3-1-0	0	
catches	2001-3-1-1	27182	
catches	2001-3-1-2	0	
catches	2001-3-1-3	131	
catches	2001-3-1-4	1	
catches	2001-3-2-0	5352	
catches	2001-3-2-1	352	
catches	2001-3-2-2	13241	
catches	2001-3-2-3	4609	
catches	2001-3-2-4	1705	
recruits_deviation	2002	0	
catches	2002-0-0-0	39298	
catches	2002-0-0-1	3648	
catches	2002-0-0-2	6629	
catches	2002-0-0-3	2088	
catches	2002-0-0-4	5	
catches	2002-0-1-0	0	
catches	2002-0-1-1	29266	
catches	2002-0-1-2	0	
catches	2002-0-1-3	128	
catches	2002-0-1-4	34	
catches	2002-0-2-0	10021	
catches	2002-0-2-1	305	
catches	2002-0-2-2	11295	
catches	2002-0-2-3	4362	
catches	2002-0-2-4	1614	
catches	2002-1-0-0	35208	
catches	2002-1-0-1	249	
catches	2002-1-0-2	6960	
catches	2002-1-0-3	1767	
catches	2002-1-0-4	3	
catches	2002-1-1-0	0	
catches	2002-1-1-1	26386	
catches	2002-1-1-2	0	
catches	2002-1-1-3	101	
catches	2002-1-1-4	0	
catches	2002-1-2-0	2428	
catches	2002-1-2-1	305	
catches	2002-1-2-2	11714	
catches	2002-1-2-3	4352	
catches	2002-1-2-4	1615	
catches	2002-2-0-0	88146	
catches	2002-2-0-1	33	
catches	2002-2-0-2	6247	
catches	2002-2-0-3	2436	
catches	2002-2-0-4	3	
catches	2002-2-1-0	0	
catches	2002-2-1-1	26531	
catches	2002-2-1-2	0	
catches	2002-2-1-3	216	
catches	2002-2-1-4	57	
catches	2002-2-2-0	2440	
catches	2002-2-2-1	305	
catches	2002-2-2-2	13856	
catches	2002-2-2-3	4251	
catches	2002-2-2-4	1617	
catches	2002-3-0-0	73091	
catches	2002-3-0-1	754	
catches	2002-3-0-2	6597	
catches	2002-3-0-3	2114	
catches	2002-3-0-4	3	
catches	2002-3-1-0	0	
catches	2002-3-1-1	31673	
catches	2002-3-1-2	0	
catches	2002-3-1-3	849	
catches	2002-3-1-4	82	
catches	2002-3-2-0	2350	
catches	2002-3-2-1	305	
catches	2002-3-2-2	12557	
catches	2002-3-2-3	4207	
catches	2002-3-2-4	1603	
recruits_deviation	2003	0	
catches	2003-0-0-0	54201	
catches	2003-0-0-1	4354	
catches	2003-0-0-2	9837	
catches	2003-0-0-3	2159	
catches	2003-0-0-4	10	
catches	2003-0-1-0	0	
catches	2003-0-1-1	28813	
catches	2003-0-1-2	0	
catches	2003-0-1-3	27	
catches	2003-0-1-4	99	
catches	2003-0-2-0	8710	
catches	2003-0-2-1	313	
catches	2003-0-2-2	15287	
catches	2003-0-2-3	4670	
catches	2003-0-2-4	1986	
catches	2003-1-0-0	21940	
catches	2003-1-0-1	177	
catches	2003-1-0-2	10146	
catches	2003-1-0-3	1821	
catches	2003-1-0-4	14	
catches	2003-1-1-0	0	
catches	2003-1-1-1	26844	
catches	2003-1-1-2	0	
catches	2003-1-1-3	24	
catches	2003-1-1-4	0	
catches	2003-1-2-0	2211	
catches	2003-1-2-1	313	
catches	2003-1-2-2	15721	
catches	2003-1-2-3	4672	
catches	2003-1-2-4	2136	
catches	2003-2-0-0	53374	
catches	2003-2-0-1	39	
catches	2003-2-0-2	9516	
catches	2003-2-0-3	2550	
catches	2003-2-0-4	12	
catches	2003-2-1-0	0	
catches	2003-2-1-1	22579	
catches	2003-2-1-2	0	
catches	2003-2-1-3	52	
catches	2003-2-1-4	167	
catches	2003-2-2-0	2836	
catches	2003-2-2-1	313	
catches	2003-2-2-2	18064	
catches	2003-2-2-3	4574	
catches	2003-2-2-4	2077	
catches	2003-3-0-0	79490	
catches	2003-3-0-1	714	
catches	2003-3-0-2	9941	
catches	2003-3-0-3	2179	
catches	2003-3-0-4	11	
catches	2003-3-1-0	0	
catches	2003-3-1-1	29286	
catches	2003-3-1-2	0	
catches	2003-3-1-3	198	
catches	2003-3-1-4	240	
catches	2003-3-2-0	3060	
catches	2003-3-2-1	313	
catches	2003-3-2-2	16453	
catches	2003-3-2-3	4535	
catches	2003-3-2-4	1856	
recruits_deviation	2004	0	
catches	2004-0-0-0	29790	
catches	2004-0-0-1	4907	
catches	2004-0-0-2	14401	
catches	2004-0-0-3	2291	
catches	2004-0-0-4	9	
catches	2004-0-1-0	0	
catches	2004-0-1-1	31026	
catches	2004-0-1-2	0	
catches	2004-0-1-3	158	
catches	2004-0-1-4	8	
catches	2004-0-2-0	10363	
catches	2004-0-2-1	369	
catches	2004-0-2-2	15848	
catches	2004-0-2-3	5797	
catches	2004-0-2-4	2326	
catches	2004-1-0-0	18073	
catches	2004-1-0-1	80	
catches	2004-1-0-2	14668	
catches	2004-1-0-3	1886	
catches	2004-1-0-4	9	
catches	2004-1-1-0	0	
catches	2004-1-1-1	19650	
catches	2004-1-1-2	0	
catches	2004-1-1-3	36	
catches	2004-1-1-4	0	
catches	2004-1-2-0	3010	
catches	2004-1-2-1	369	
catches	2004-1-2-2	16246	
catches	2004-1-2-3	5231	
catches	2004-1-2-4	2232	
catches	2004-2-0-0	44834	
catches	2004-2-0-1	60	
catches	2004-2-0-2	13895	
catches	2004-2-0-3	2721	
catches	2004-2-0-4	15	
catches	2004-2-1-0	0	
catches	2004-2-1-1	23610	
catches	2004-2-1-2	0	
catches	2004-2-1-3	698	
catches	2004-2-1-4	5	
catches	2004-2-2-0	2946	
catches	2004-2-2-1	369	
catches	2004-2-2-2	19299	
catches	2004-2-2-3	4977	
catches	2004-2-2-4	2083	
catches	2004-3-0-0	61585	
catches	2004-3-0-1	768	
catches	2004-3-0-2	14328	
catches	2004-3-0-3	2349	
catches	2004-3-0-4	12	
catches	2004-3-1-0	0	
catches	2004-3-1-1	30256	
catches	2004-3-1-2	0	
catches	2004-3-1-3	4268	
catches	2004-3-1-4	34	
catches	2004-3-2-0	2774	
catches	2004-3-2-1	369	
catches	2004-3-2-2	17303	
catches	2004-3-2-3	5066	
catches	2004-3-2-4	2066	
recruits_deviation	2005	0	
catches	2005-0-0-0	38175	
catches	2005-0-0-1	6945	
catches	2005-0-0-2	20663	
catches	2005-0-0-3	2573	
catches	2005-0-0-4	16	
catches	2005-0-1-0	0	
catches	2005-0-1-1	27975	
catches	2005-0-1-2	0	
catches	2005-0-1-3	349	
catches	2005-0-1-4	49	
catches	2005-0-2-0	4707	
catches	2005-0-2-1	323	
catches	2005-0-2-2	12490	
catches	2005-0-2-3	4579	
catches	2005-0-2-4	1683	
catches	2005-1-0-0	44270	
catches	2005-1-0-1	0	
catches	2005-1-0-2	21308	
catches	2005-1-0-3	1751	
catches	2005-1-0-4	29	
catches	2005-1-1-0	0	
catches	2005-1-1-1	34401	
catches	2005-1-1-2	0	
catches	2005-1-1-3	451	
catches	2005-1-1-4	0	
catches	2005-1-2-0	4715	
catches	2005-1-2-1	323	
catches	2005-1-2-2	12490	
catches	2005-1-2-3	4578	
catches	2005-1-2-4	1830	
catches	2005-2-0-0	63640	
catches	2005-2-0-1	0	
catches	2005-2-0-2	20460	
catches	2005-2-0-3	3405	
catches	2005-2-0-4	26	
catches	2005-2-1-0	0	
catches	2005-2-1-1	27548	
catches	2005-2-1-2	0	
catches	2005-2-1-3	242	
catches	2005-2-1-4	87	
catches	2005-2-2-0	4032	
catches	2005-2-2-1	323	
catches	2005-2-2-2	12490	
catches	2005-2-2-3	4577	
catches	2005-2-2-4	1832	
catches	2005-3-0-0	62341	
catches	2005-3-0-1	0	
catches	2005-3-0-2	20947	
catches	2005-3-0-3	2277	
catches	2005-3-0-4	30	
catches	2005-3-1-0	0	
catches	2005-3-1-1	40488	
catches	2005-3-1-2	0	
catches	2005-3-1-3	468	
catches	2005-3-1-4	2	
catches	2005-3-2-0	4714	
catches	2005-3-2-1	323	
catches	2005-3-2-2	12490	
catches	2005-3-2-3	4576	
catches	2005-3-2-4	1821	
recruits_deviation	2006	0	
catches	2006-0-0-0	34205	
catches	2006-0-0-1	3554	
catches	2006-0-0-2	25644	
catches	2006-0-0-3	2927	
catches	2006-0-0-4	90	
catches	2006-0-1-0	0	
catches	2006-0-1-1	39502	
catches	2006-0-1-2	0	
catches	2006-0-1-3	322	
catches	2006-0-1-4	0	
catches	2006-0-2-0	6860	
catches	2006-0-2-1	391	
catches	2006-0-2-2	12711	
catches	2006-0-2-3	5396	
catches	2006-0-2-4	1924	
catches	2006-1-0-0	40405	
catches	2006-1-0-1	1366	
catches	2006-1-0-2	26223	
catches	2006-1-0-3	2943	
catches	2006-1-0-4	24	
catches	2006-1-1-0	0	
catches	2006-1-1-1	44547	
catches	2006-1-1-2	0	
catches	2006-1-1-3	448	
catches	2006-1-1-4	0	
catches	2006-1-2-0	4960	
catches	2006-1-2-1	391	
catches	2006-1-2-2	12711	
catches	2006-1-2-3	5396	
catches	2006-1-2-4	2023	
catches	2006-2-0-0	77851	
catches	2006-2-0-1	1609	
catches	2006-2-0-2	26133	
catches	2006-2-0-3	2924	
catches	2006-2-0-4	16	
catches	2006-2-1-0	0	
catches	2006-2-1-1	22138	
catches	2006-2-1-2	0	
catches	2006-2-1-3	491	
catches	2006-2-1-4	0	
catches	2006-2-2-0	4873	
catches	2006-2-2-1	391	
catches	2006-2-2-2	12711	
catches	2006-2-2-3	5396	
catches	2006-2-2-4	2015	
catches	2006-3-0-0	90279	
catches	2006-3-0-1	2606	
catches	2006-3-0-2	26678	
catches	2006-3-0-3	2919	
catches	2006-3-0-4	13	
catches	2006-3-1-0	0	
catches	2006-3-1-1	30543	
catches	2006-3-1-2	0	
catches	2006-3-1-3	324	
catches	2006-3-1-4	144	
catches	2006-3-2-0	5625	
catches	2006-3-2-1	391	
catches	2006-3-2-2	12711	
catches	2006-3-2-3	5396	
catches	2006-3-2-4	1992	
recruits_deviation	2007	0	
catches	2007-0-0-0	26496	
catches	2007-0-0-1	1909	
catches	2007-0-0-2	17686	
catches	2007-0-0-3	2866	
catches	2007-0-0-4	14	
catches	2007-0-1-0	0	
catches	2007-0-1-1	29496	
catches	2007-0-1-2	0	
catches	2007-0-1-3	213	
catches	2007-0-1-4	0	
catches	2007-0-2-0	6998	
catches	2007-0-2-1	457	
catches	2007-0-2-2	16111	
catches	2007-0-2-3	6098	
catches	2007-0-2-4	2360	
catches	2007-1-0-0	31126	
catches	2007-1-0-1	1741	
catches	2007-1-0-2	17656	
catches	2007-1-0-3	2855	
catches	2007-1-0-4	19	
catches	2007-1-1-0	0	
catches	2007-1-1-1	24119	
catches	2007-1-1-2	0	
catches	2007-1-1-3	226	
catches	2007-1-1-4	0	
catches	2007-1-2-0	6916	
catches	2007-1-2-1	457	
catches	2007-1-2-2	16111	
catches	2007-1-2-3	6099	
catches	2007-1-2-4	2438	
catches	2007-2-0-0	48779	
catches	2007-2-0-1	1726	
catches	2007-2-0-2	17643	
catches	2007-2-0-3	2847	
catches	2007-2-0-4	19	
catches	2007-2-1-0	0	
catches	2007-2-1-1	15500	
catches	2007-2-1-2	0	
catches	2007-2-1-3	411	
catches	2007-2-1-4	0	
catches	2007-2-2-0	5800	
catches	2007-2-2-1	457	
catches	2007-2-2-2	16111	
catches	2007-2-2-3	6098	
catches	2007-2-2-4	2572	
catches	2007-3-0-0	33453	
catches	2007-3-0-1	3592	
catches	2007-3-0-2	17652	
catches	2007-3-0-3	2878	
catches	2007-3-0-4	27	
catches	2007-3-1-0	0	
catches	2007-3-1-1	26692	
catches	2007-3-1-2	0	
catches	2007-3-1-3	203	
catches	2007-3-1-4	0	
catches	2007-3-2-0	7362	
catches	2007-3-2-1	457	
catches	2007-3-2-2	16111	
catches	2007-3-2-3	6098	
catches	2007-3-2-4	2210	
recruits_deviation	2008	0	
catches	2008-0-0-0	14777	
catches	2008-0-0-1	2281	
catches	2008-0-0-2	11806	
catches	2008-0-0-3	3228	
catches	2008-0-0-4	19	
catches	2008-0-1-0	0	
catches	2008-0-1-1	17001	
catches	2008-0-1-2	0	
catches	2008-0-1-3	194	
catches	2008-0-1-4	0	
catches	2008-0-2-0	9033	
catches	2008-0-2-1	593	
catches	2008-0-2-2	17628	
catches	2008-0-2-3	7749	
catches	2008-0-2-4	2847	
catches	2008-1-0-0	33005	
catches	2008-1-0-1	2401	
catches	2008-1-0-2	11777	
catches	2008-1-0-3	3242	
catches	2008-1-0-4	34	
catches	2008-1-1-0	0	
catches	2008-1-1-1	18879	
catches	2008-1-1-2	0	
catches	2008-1-1-3	441	
catches	2008-1-1-4	0	
catches	2008-1-2-0	7937	
catches	2008-1-2-1	593	
catches	2008-1-2-2	17628	
catches	2008-1-2-3	7751	
catches	2008-1-2-4	3177	
catches	2008-2-0-0	45678	
catches	2008-2-0-1	2728	
catches	2008-2-0-2	11764	
catches	2008-2-0-3	3231	
catches	2008-2-0-4	31	
catches	2008-2-1-0	0	
catches	2008-2-1-1	22712	
catches	2008-2-1-2	0	
catches	2008-2-1-3	589	
catches	2008-2-1-4	0	
catches	2008-2-2-0	7513	
catches	2008-2-2-1	593	
catches	2008-2-2-2	17628	
catches	2008-2-2-3	7750	
catches	2008-2-2-4	2784	
catches	2008-3-0-0	46699	
catches	2008-3-0-1	3558	
catches	2008-3-0-2	11774	
catches	2008-3-0-3	3245	
catches	2008-3-0-4	19	
catches	2008-3-1-0	0	
catches	2008-3-1-1	26992	
catches	2008-3-1-2	0	
catches	2008-3-1-3	262	
catches	2008-3-1-4	0	
catches	2008-3-2-0	8314	
catches	2008-3-2-1	593	
catches	2008-3-2-2	17628	
catches	2008-3-2-3	7749	
catches	2008-3-2-4	2785	
recruits_deviation	2009	0	
catches	2009-0-0-0	42650	
catches	2009-0-0-1	1764	
catches	2009-0-0-2	12287	
catches	2009-0-0-3	2587	
catches	2009-0-0-4	17	
catches	2009-0-1-0	0	
catches	2009-0-1-1	14848	
catches	2009-0-1-2	0	
catches	2009-0-1-3	255	
catches	2009-0-1-4	0	
catches	2009-0-2-0	9133	
catches	2009-0-2-1	607	
catches	2009-0-2-2	17356	
catches	2009-0-2-3	7729	
catches	2009-0-2-4	2829	
catches	2009-1-0-0	21240	
catches	2009-1-0-1	872	
catches	2009-1-0-2	12284	
catches	2009-1-0-3	2614	
catches	2009-1-0-4	36	
catches	2009-1-1-0	0	
catches	2009-1-1-1	14871	
catches	2009-1-1-2	0	
catches	2009-1-1-3	329	
catches	2009-1-1-4	0	
catches	2009-1-2-0	10522	
catches	2009-1-2-1	607	
catches	2009-1-2-2	17356	
catches	2009-1-2-3	7729	
catches	2009-1-2-4	2756	
catches	2009-2-0-0	53473	
catches	2009-2-0-1	1615	
catches	2009-2-0-2	12283	
catches	2009-2-0-3	2592	
catches	2009-2-0-4	12	
catches	2009-2-1-0	0	
catches	2009-2-1-1	14034	
catches	2009-2-1-2	0	
catches	2009-2-1-3	231	
catches	2009-2-1-4	0	
catches	2009-2-2-0	7540	
catches	2009-2-2-1	607	
catches	2009-2-2-2	17356	
catches	2009-2-2-3	7729	
catches	2009-2-2-4	2754	
catches	2009-3-0-0	34154	
catches	2009-3-0-1	3501	
catches	2009-3-0-2	12284	
catches	2009-3-0-3	2605	
catches	2009-3-0-4	25	
catches	2009-3-1-0	0	
catches	2009-3-1-1	21266	
catches	2009-3-1-2	0	
catches	2009-3-1-3	235	
catches	2009-3-1-4	122	
catches	2009-3-2-0	8767	
catches	2009-3-2-1	607	
catches	2009-3-2-2	17356	
catches	2009-3-2-3	7729	
catches	2009-3-2-4	3012	
recruits_deviation	2010	0	
catches	2010-0-0-0	42874	
catches	2010-0-0-1	4086	
catches	2010-0-0-2	6547	
catches	2010-0-0-3	2792	
catches	2010-0-0-4	12	
catches	2010-0-1-0	0	
catches	2010-0-1-1	20576	
catches	2010-0-1-2	0	
catches	2010-0-1-3	340	
catches	2010-0-1-4	0	
catches	2010-0-2-0	8675	
catches	2010-0-2-1	633	
catches	2010-0-2-2	18432	
catches	2010-0-2-3	8200	
catches	2010-0-2-4	3040	
catches	2010-1-0-0	26950	
catches	2010-1-0-1	868	
catches	2010-1-0-2	6524	
catches	2010-1-0-3	2809	
catches	2010-1-0-4	23	
catches	2010-1-1-0	0	
catches	2010-1-1-1	16048	
catches	2010-1-1-2	0	
catches	2010-1-1-3	815	
catches	2010-1-1-4	0	
catches	2010-1-2-0	8700	
catches	2010-1-2-1	633	
catches	2010-1-2-2	18432	
catches	2010-1-2-3	8200	
catches	2010-1-2-4	3081	
catches	2010-2-0-0	45474	
catches	2010-2-0-1	993	
catches	2010-2-0-2	6515	
catches	2010-2-0-3	2796	
catches	2010-2-0-4	11	
catches	2010-2-1-0	0	
catches	2010-2-1-1	16032	
catches	2010-2-1-2	0	
catches	2010-2-1-3	430	
catches	2010-2-1-4	0	
catches	2010-2-2-0	7541	
catches	2010-2-2-1	633	
catches	2010-2-2-2	18432	
catches	2010-2-2-3	8200	
catches	2010-2-2-4	2925	
catches	2010-3-0-0	34161	
catches	2010-3-0-1	2906	
catches	2010-3-0-2	6522	
catches	2010-3-0-3	2812	
catches	2010-3-0-4	19	
catches	2010-3-1-0	0	
catches	2010-3-1-1	18929	
catches	2010-3-1-2	0	
catches	2010-3-1-3	552	
catches	2010-3-1-4	0	
catches	2010-3-2-0	8656	
catches	2010-3-2-1	633	
catches	2010-3-2-2	18432	
catches	2010-3-2-3	8200	
catches	2010-3-2-4	2896	
recruits_deviation	2011	0	
catches	2011-0-0-0	40809	
catches	2011-0-0-1	4683	
catches	2011-0-0-2	5476	
catches	2011-0-0-3	2674	
catches	2011-0-0-4	23	
catches	2011-0-1-0	0	
catches	2011-0-1-1	17518	
catches	2011-0-1-2	0	
catches	2011-0-1-3	3610	
catches	2011-0-1-4	0	
catches	2011-0-2-0	8595	
catches	2011-0-2-1	2023	
catches	2011-0-2-2	17082	
catches	2011-0-2-3	8369	
catches	2011-0-2-4	3195	
catches	2011-1-0-0	24859	
catches	2011-1-0-1	1599	
catches	2011-1-0-2	5469	
catches	2011-1-0-3	2685	
catches	2011-1-0-4	26	
catches	2011-1-1-0	0	
catches	2011-1-1-1	10847	
catches	2011-1-1-2	0	
catches	2011-1-1-3	479	
catches	2011-1-1-4	0	
catches	2011-1-2-0	8102	
catches	2011-1-2-1	2023	
catches	2011-1-2-2	17082	
catches	2011-1-2-3	8369	
catches	2011-1-2-4	3060	
catches	2011-2-0-0	28294	
catches	2011-2-0-1	391	
catches	2011-2-0-2	5467	
catches	2011-2-0-3	2677	
catches	2011-2-0-4	8	
catches	2011-2-1-0	0	
catches	2011-2-1-1	10412	
catches	2011-2-1-2	0	
catches	2011-2-1-3	372	
catches	2011-2-1-4	0	
catches	2011-2-2-0	8326	
catches	2011-2-2-1	2023	
catches	2011-2-2-2	17082	
catches	2011-2-2-3	8369	
catches	2011-2-2-4	2919	
catches	2011-3-0-0	36588	
catches	2011-3-0-1	1630	
catches	2011-3-0-2	5469	
catches	2011-3-0-3	2687	
catches	2011-3-0-4	20	
catches	2011-3-1-0	0	
catches	2011-3-1-1	13712	
catches	2011-3-1-2	0	
catches	2011-3-1-3	722	
catches	2011-3-1-4	0	
catches	2011-3-2-0	8306	
catches	2011-3-2-1	2023	
catches	2011-3-2-2	17082	
catches	2011-3-2-3	8369	
catches	2011-3-2-4	2929	
recruits_deviation	2012	0	
catches	2012-0-0-0	30901	
catches	2012-0-0-1	2096	
catches	2012-0-0-2	7811	
catches	2012-0-0-3	3053	
catches	2012-0-0-4	44	
catches	2012-0-1-0	0	
catches	2012-0-1-1	8469	
catches	2012-0-1-2	0	
catches	2012-0-1-3	304	
catches	2012-0-1-4	0	
catches	2012-0-2-0	5796	
catches	2012-0-2-1	1553	
catches	2012-0-2-2	15192	
catches	2012-0-2-3	6102	
catches	2012-0-2-4	2630	
catches	2012-1-0-0	12662	
catches	2012-1-0-1	1766	
catches	2012-1-0-2	7804	
catches	2012-1-0-3	3064	
catches	2012-1-0-4	21	
catches	2012-1-1-0	0	
catches	2012-1-1-1	12360	
catches	2012-1-1-2	0	
catches	2012-1-1-3	429	
catches	2012-1-1-4	0	
catches	2012-1-2-0	5710	
catches	2012-1-2-1	1553	
catches	2012-1-2-2	15192	
catches	2012-1-2-3	6102	
catches	2012-1-2-4	2339	
catches	2012-2-0-0	20820	
catches	2012-2-0-1	1106	
catches	2012-2-0-2	7802	
catches	2012-2-0-3	3056	
catches	2012-2-0-4	9	
catches	2012-2-1-0	0	
catches	2012-2-1-1	9713	
catches	2012-2-1-2	0	
catches	2012-2-1-3	502	
catches	2012-2-1-4	0	
catches	2012-2-2-0	6293	
catches	2012-2-2-1	1553	
catches	2012-2-2-2	15192	
catches	2012-2-2-3	6102	
catches	2012-2-2-4	2234	
catches	2012-3-0-0	18035	
catches	2012-3-0-1	5261	
catches	2012-3-0-2	7804	
catches	2012-3-0-3	3066	
catches	2012-3-0-4	18	
catches	2012-3-1-0	0	
catches	2012-3-1-1	20592	
catches	2012-3-1-2	0	
catches	2012-3-1-3	1022	
catches	2012-3-1-4	0	
catches	2012-3-2-0	6344	
catches	2012-3-2-1	1553	
catches	2012-3-2-2	15192	
catches	2012-3-2-3	6102	
catches	2012-3-2-4	2221	
